# Blender 5.0.1
# www.blender.org
mtllib OverlayBuilder.mtl
o 立方体.003
v -0.169136 -0.130143 1.000000
v -0.169136 0.130143 1.000000
v -0.169136 -0.130143 -2.533494
v -0.169136 0.130143 -2.533494
v 0.169136 -0.130143 1.000000
v 0.169136 0.130143 1.000000
v 0.169136 -0.130143 -2.533494
v 0.169136 0.130143 -2.533494
v 0.184212 0.130143 1.000000
v 0.184212 0.390430 1.000000
v 0.184212 0.130143 -2.533494
v 0.184212 0.390430 -2.533494
v 0.522484 0.130143 1.000000
v 0.522484 0.390430 1.000000
v 0.522484 0.130143 -2.533494
v 0.522484 0.390430 -2.533494
v 0.537560 0.390430 1.000000
v 0.537560 0.650716 1.000000
v 0.537560 0.390430 -2.533494
v 0.537560 0.650716 -2.533494
v 0.875832 0.390430 1.000000
v 0.875832 0.650716 1.000000
v 0.875832 0.390430 -2.533494
v 0.875832 0.650716 -2.533494
v 0.890908 0.650716 1.000000
v 0.890908 0.911002 1.000000
v 0.890908 0.650716 -2.533494
v 0.890908 0.911002 -2.533494
v 1.229180 0.650716 1.000000
v 1.229180 0.911002 1.000000
v 1.229180 0.650716 -2.533494
v 1.229180 0.911002 -2.533494
v 1.244256 0.911002 1.000000
v 1.244256 1.171289 1.000000
v 1.244256 0.911002 -2.533494
v 1.244256 1.171289 -2.533494
v 1.582528 0.911002 1.000000
v 1.582528 1.171289 1.000000
v 1.582528 0.911002 -2.533494
v 1.582528 1.171289 -2.533494
v 1.597604 1.171289 1.000000
v 1.597604 1.431575 1.000000
v 1.597604 1.171289 -2.533494
v 1.597604 1.431575 -2.533494
v 1.935875 1.171289 1.000000
v 1.935875 1.431575 1.000000
v 1.935875 1.171289 -2.533494
v 1.935875 1.431575 -2.533494
v 1.950951 1.431575 1.000000
v 1.950951 1.691862 1.000000
v 1.950951 1.431575 -2.533494
v 1.950951 1.691862 -2.533494
v 2.289223 1.431575 1.000000
v 2.289223 1.691862 1.000000
v 2.289223 1.431575 -2.533494
v 2.289223 1.691862 -2.533494
v 2.304299 1.691862 1.000000
v 2.304299 1.952148 1.000000
v 2.304299 1.691862 -2.533494
v 2.304299 1.952148 -2.533494
v 2.642571 1.691862 1.000000
v 2.642571 1.952148 1.000000
v 2.642571 1.691862 -2.533494
v 2.642571 1.952148 -2.533494
v -0.218159 -0.120854 1.365916
v -0.218159 -0.120854 0.929598
v 0.218159 -0.120854 1.365916
v 0.218159 -0.120854 0.929598
v 2.701513 1.573333 1.360924
v 2.608711 1.573333 0.934590
v 3.737454 1.573333 1.234185
v 3.588561 1.573333 0.824058
v 9.430845 5.750051 -0.850113
v 9.269526 5.750051 -1.255514
v -0.153550 0.624538 1.301974
v -0.218159 0.556074 1.365916
v -0.153550 0.624538 0.993529
v -0.218159 0.556064 0.929598
v 0.218159 0.555776 1.365916
v 0.218159 0.624538 1.302001
v 0.218159 0.624538 0.993502
v 0.218159 0.555745 0.929598
v 2.701513 2.249660 1.360924
v 2.687726 2.318725 1.297585
v 2.622499 2.318725 0.997930
v 2.608711 2.249618 0.934590
v 3.737454 2.249524 1.234185
v 3.714890 2.318725 1.172034
v 3.611152 2.318725 0.886285
v 3.588561 2.249497 0.824058
v 9.356438 6.458779 -0.893213
v 9.430845 6.426141 -0.850113
v 9.244045 6.458724 -1.175763
v 9.269526 6.426134 -1.255514
v 3.589556 1.688388 0.847435
v 3.589556 1.948675 0.847435
v 2.316023 1.688388 -2.518960
v 2.316023 1.948675 -2.518960
v 3.907516 1.688388 0.731983
v 3.907516 1.948675 0.731983
v 2.633984 1.688388 -2.634411
v 2.633984 1.948675 -2.634411
v 3.921687 1.948675 0.726838
v 3.921687 2.208961 0.726838
v 2.648154 1.948675 -2.639556
v 2.648154 2.208961 -2.639556
v 4.239647 1.948675 0.611387
v 4.239647 2.208961 0.611387
v 2.966115 1.948675 -2.755008
v 2.966115 2.208961 -2.755008
v 4.253818 2.208961 0.606241
v 4.253818 2.469247 0.606241
v 2.980286 2.208961 -2.760153
v 2.980286 2.469247 -2.760153
v 4.571779 2.208961 0.490790
v 4.571779 2.469247 0.490790
v 3.298246 2.208961 -2.875604
v 3.298246 2.469247 -2.875604
v 4.585949 2.469247 0.485645
v 4.585949 2.729534 0.485645
v 3.312417 2.469247 -2.880749
v 3.312417 2.729534 -2.880749
v 4.903910 2.469247 0.370194
v 4.903910 2.729534 0.370194
v 3.630377 2.469247 -2.996201
v 3.630377 2.729534 -2.996201
v 4.918081 2.729534 0.365048
v 4.918081 2.989820 0.365048
v 3.644548 2.729534 -3.001346
v 3.644548 2.989820 -3.001346
v 5.236041 2.729534 0.249597
v 5.236041 2.989820 0.249597
v 3.962509 2.729534 -3.116797
v 3.962509 2.989820 -3.116797
v 5.250212 2.989820 0.244451
v 5.250212 3.250107 0.244451
v 3.976679 2.989820 -3.121943
v 3.976679 3.250107 -3.121943
v 5.568172 2.989820 0.129000
v 5.568172 3.250107 0.129000
v 4.294640 2.989820 -3.237394
v 4.294640 3.250107 -3.237394
v 5.582343 3.250107 0.123855
v 5.582343 3.510393 0.123855
v 4.308811 3.250107 -3.242539
v 4.308811 3.510393 -3.242539
v 5.900304 3.250107 0.008404
v 5.900304 3.510393 0.008404
v 4.626771 3.250107 -3.357991
v 4.626771 3.510393 -3.357991
v 5.914474 3.510393 0.003258
v 5.914474 3.770679 0.003258
v 4.640942 3.510393 -3.363136
v 4.640942 3.770679 -3.363136
v 6.232435 3.510393 -0.112193
v 6.232435 3.770679 -0.112193
v 4.958902 3.510393 -3.478587
v 4.958902 3.770679 -3.478587
v 6.246606 3.770679 -0.117338
v 6.246606 4.030966 -0.117338
v 4.973073 3.770679 -3.483733
v 4.973073 4.030966 -3.483733
v 6.564567 3.770679 -0.232790
v 6.564567 4.030966 -0.232790
v 5.291034 3.770679 -3.599184
v 5.291034 4.030966 -3.599184
v 6.578737 4.030966 -0.237935
v 6.578737 4.291252 -0.237935
v 5.305204 4.030966 -3.604329
v 5.305204 4.291252 -3.604329
v 6.896698 4.030966 -0.353386
v 6.896698 4.291252 -0.353386
v 5.623165 4.030966 -3.719781
v 5.623165 4.291252 -3.719781
v 6.910869 4.291253 -0.358532
v 6.910869 4.551539 -0.358532
v 5.637336 4.291253 -3.724926
v 5.637336 4.551539 -3.724926
v 7.228828 4.291253 -0.473983
v 7.228828 4.551539 -0.473983
v 5.955297 4.291253 -3.840377
v 5.955297 4.551539 -3.840377
v 7.243000 4.551539 -0.479128
v 7.243000 4.811825 -0.479128
v 5.969467 4.551539 -3.845523
v 5.969467 4.811825 -3.845523
v 7.560961 4.551539 -0.594580
v 7.560961 4.811825 -0.594580
v 6.287428 4.551539 -3.960974
v 6.287428 4.811825 -3.960974
v 7.575130 4.811825 -0.599725
v 7.575130 5.072112 -0.599725
v 6.301599 4.811825 -3.966119
v 6.301599 5.072112 -3.966119
v 7.893091 4.811825 -0.715176
v 7.893091 5.072112 -0.715176
v 6.619559 4.811825 -4.081571
v 6.619559 5.072112 -4.081571
v 7.907262 5.072112 -0.720322
v 7.907262 5.332398 -0.720322
v 6.633729 5.072112 -4.086716
v 6.633729 5.332398 -4.086716
v 8.225223 5.072112 -0.835773
v 8.225223 5.332398 -0.835773
v 6.951690 5.072112 -4.202167
v 6.951690 5.332398 -4.202167
v 8.239393 5.332398 -0.840918
v 8.239393 5.592684 -0.840918
v 6.965861 5.332398 -4.207313
v 6.965861 5.592684 -4.207313
v 8.557354 5.332398 -0.956370
v 8.557354 5.592684 -0.956370
v 7.283822 5.332398 -4.322764
v 7.283822 5.592684 -4.322764
v 8.571525 5.592685 -0.961515
v 8.571525 5.852971 -0.961515
v 7.297992 5.592685 -4.327909
v 7.297992 5.852971 -4.327909
v 8.889485 5.592685 -1.076966
v 8.889485 5.852971 -1.076966
v 7.615952 5.592685 -4.443360
v 7.615952 5.852971 -4.443360
v 8.903656 5.852971 -1.082112
v 8.903656 6.113257 -1.082112
v 7.630123 5.852971 -4.448506
v 7.630123 6.113257 -4.448506
v 9.221617 5.852971 -1.197563
v 9.221617 6.113257 -1.197563
v 7.948084 5.852971 -4.563957
v 7.948084 6.113257 -4.563957
v 2.642571 1.691862 1.000000
v 2.642571 1.952148 1.000000
v 2.642571 1.952067 -1.655735
v 2.642571 1.952068 -1.655735
v 3.589556 1.688388 0.847435
v 3.589556 1.948675 0.847435
v 2.642572 1.952067 -1.655735
v 2.642572 1.952068 -1.655735
vn -1.0000 -0.0000 -0.0000
vn -0.0000 -0.0000 -1.0000
vn 1.0000 -0.0000 -0.0000
vn -0.0000 -0.0000 1.0000
vn -0.0000 -1.0000 -0.0000
vn -0.0000 1.0000 -0.0000
vn 0.5697 -0.8195 -0.0613
vn 0.5307 -0.8232 -0.2019
vn -0.7273 0.6863 -0.0000
vn 0.0002 0.6815 -0.7319
vn 0.0002 0.6816 0.7317
vn -0.4072 0.5972 0.6910
vn -0.4446 0.6310 -0.6357
vn 0.0888 0.6821 0.7258
vn -0.0820 0.6816 -0.7271
vn 0.4857 0.8525 -0.1933
vn -0.6289 0.6257 -0.4615
vn -0.1763 0.6212 0.7635
vn 0.0020 -0.0000 1.0000
vn -0.5698 0.8195 0.0611
vn 0.0021 -0.0000 -1.0000
vn 0.1214 -0.0000 0.9926
vn -0.1121 -0.0000 -0.9937
vn -0.5307 0.8232 0.2018
vn 0.3438 -0.0000 0.9391
vn -0.3438 -0.0000 -0.9391
vn 0.9291 -0.0000 -0.3697
vn -0.9353 -0.0000 0.3538
vn -0.3413 -0.0000 -0.9400
vn 0.9353 -0.0000 -0.3538
vn 0.3413 -0.0000 0.9400
vn 0.0037 1.0000 -0.0000
vn 0.1591 -0.0000 0.9873
vn -0.0194 -0.9950 -0.0975
vt 0.375000 0.000000
vt 0.625000 0.000000
vt 0.625000 0.250000
vt 0.375000 0.250000
vt 0.625000 0.500000
vt 0.375000 0.500000
vt 0.625000 0.750000
vt 0.375000 0.750000
vt 0.625000 1.000000
vt 0.375000 1.000000
vt 0.125000 0.500000
vt 0.125000 0.750000
vt 0.875000 0.500000
vt 0.875000 0.750000
vt 0.625000 0.036637
vt 0.625000 0.250194
vt 0.602034 0.250000
vt 0.602038 0.000000
vt 0.625000 0.527462
vt 0.601928 0.500000
vt 0.625000 0.722533
vt 0.625000 0.962981
vt 0.602038 1.000000
vt 0.601938 0.750000
vt 0.601836 0.750000
vt 0.625000 0.712858
vt 0.601822 0.500000
vt 0.625000 0.537142
vt 0.601791 0.750000
vt 0.625000 0.712115
vt 0.601781 0.500000
vt 0.625000 0.537932
vt 0.625000 0.537906
vt 0.625000 0.712139
vt 0.601757 0.750000
vt 0.601755 0.500000
vt 0.837981 0.536631
vt 0.837981 0.713363
s 0
usemtl 
f 1/1/1 2/2/1 4/3/1 3/4/1
f 3/4/2 4/3/2 8/5/2 7/6/2
f 7/6/3 8/5/3 6/7/3 5/8/3
f 5/8/4 6/7/4 2/9/4 1/10/4
f 3/11/5 7/6/5 5/8/5 1/12/5
f 8/5/6 4/13/6 2/14/6 6/7/6
f 9/1/1 10/2/1 12/3/1 11/4/1
f 11/4/2 12/3/2 16/5/2 15/6/2
f 15/6/3 16/5/3 14/7/3 13/8/3
f 13/8/4 14/7/4 10/9/4 9/10/4
f 11/11/5 15/6/5 13/8/5 9/12/5
f 16/5/6 12/13/6 10/14/6 14/7/6
f 17/1/1 18/2/1 20/3/1 19/4/1
f 19/4/2 20/3/2 24/5/2 23/6/2
f 23/6/3 24/5/3 22/7/3 21/8/3
f 21/8/4 22/7/4 18/9/4 17/10/4
f 19/11/5 23/6/5 21/8/5 17/12/5
f 24/5/6 20/13/6 18/14/6 22/7/6
f 25/1/1 26/2/1 28/3/1 27/4/1
f 27/4/2 28/3/2 32/5/2 31/6/2
f 31/6/3 32/5/3 30/7/3 29/8/3
f 29/8/4 30/7/4 26/9/4 25/10/4
f 27/11/5 31/6/5 29/8/5 25/12/5
f 32/5/6 28/13/6 26/14/6 30/7/6
f 33/1/1 34/2/1 36/3/1 35/4/1
f 35/4/2 36/3/2 40/5/2 39/6/2
f 39/6/3 40/5/3 38/7/3 37/8/3
f 37/8/4 38/7/4 34/9/4 33/10/4
f 35/11/5 39/6/5 37/8/5 33/12/5
f 40/5/6 36/13/6 34/14/6 38/7/6
f 41/1/1 42/2/1 44/3/1 43/4/1
f 43/4/2 44/3/2 48/5/2 47/6/2
f 47/6/3 48/5/3 46/7/3 45/8/3
f 45/8/4 46/7/4 42/9/4 41/10/4
f 43/11/5 47/6/5 45/8/5 41/12/5
f 48/5/6 44/13/6 42/14/6 46/7/6
f 49/1/1 50/2/1 52/3/1 51/4/1
f 51/4/2 52/3/2 56/5/2 55/6/2
f 55/6/3 56/5/3 54/7/3 53/8/3
f 53/8/4 54/7/4 50/9/4 49/10/4
f 51/11/5 55/6/5 53/8/5 49/12/5
f 56/5/6 52/13/6 50/14/6 54/7/6
f 57/1/1 58/2/1 60/3/1 59/4/1
f 59/4/2 60/3/2 64/5/2 63/6/2
f 63/6/3 64/5/3 62/7/3 61/8/3
f 61/8/4 62/7/4 58/9/4 57/10/4
f 59/11/5 63/6/5 61/8/5 57/12/5
f 64/5/6 60/13/6 58/14/6 62/7/6
f 66/11/5 68/6/5 67/8/5 65/12/5
f 67/8/7 68/6/7 70/6/7 69/8/7
f 69/8/5 70/6/5 72/6/5 71/8/5
f 71/8/8 72/6/8 74/6/8 73/8/8
f 75/15/9 77/16/9 78/17/9 76/18/9
f 77/16/10 81/19/10 82/20/10 78/17/10
f 80/21/11 75/22/11 76/23/11 79/24/11
f 79/24/12 83/25/12 84/26/12 80/21/12
f 86/27/13 82/20/13 81/19/13 85/28/13
f 83/25/14 87/29/14 88/30/14 84/26/14
f 90/31/15 86/27/15 85/28/15 89/32/15
f 93/33/16 91/34/16 92/35/16 94/36/16
f 89/32/17 93/33/17 94/36/17 90/31/17
f 91/34/18 88/30/18 87/29/18 92/35/18
f 67/8/4 79/24/4 76/23/4 65/10/4
f 65/1/1 76/18/1 78/17/1 66/4/1
f 81/19/6 77/37/6 75/38/6 80/21/6
f 66/4/2 78/17/2 82/20/2 68/6/2
f 79/24/19 67/8/19 69/8/19 83/25/19
f 81/19/20 80/21/20 84/26/20 85/28/20
f 68/6/21 82/20/21 86/27/21 70/6/21
f 85/28/6 84/26/6 88/30/6 89/32/6
f 83/25/22 69/8/22 71/8/22 87/29/22
f 70/6/23 86/27/23 90/31/23 72/6/23
f 89/32/24 88/30/24 91/34/24 93/33/24
f 87/29/25 71/8/25 73/8/25 92/35/25
f 72/6/26 90/31/26 94/36/26 74/6/26
f 74/6/27 94/36/27 92/35/27 73/8/27
f 95/1/28 96/2/28 98/3/28 97/4/28
f 97/4/29 98/3/29 102/5/29 101/6/29
f 101/6/30 102/5/30 100/7/30 99/8/30
f 99/8/31 100/7/31 96/9/31 95/10/31
f 97/11/5 101/6/5 99/8/5 95/12/5
f 102/5/6 98/13/6 96/14/6 100/7/6
f 103/1/28 104/2/28 106/3/28 105/4/28
f 105/4/29 106/3/29 110/5/29 109/6/29
f 109/6/30 110/5/30 108/7/30 107/8/30
f 107/8/31 108/7/31 104/9/31 103/10/31
f 105/11/5 109/6/5 107/8/5 103/12/5
f 110/5/6 106/13/6 104/14/6 108/7/6
f 111/1/28 112/2/28 114/3/28 113/4/28
f 113/4/29 114/3/29 118/5/29 117/6/29
f 117/6/30 118/5/30 116/7/30 115/8/30
f 115/8/31 116/7/31 112/9/31 111/10/31
f 113/11/5 117/6/5 115/8/5 111/12/5
f 118/5/6 114/13/6 112/14/6 116/7/6
f 119/1/28 120/2/28 122/3/28 121/4/28
f 121/4/29 122/3/29 126/5/29 125/6/29
f 125/6/30 126/5/30 124/7/30 123/8/30
f 123/8/31 124/7/31 120/9/31 119/10/31
f 121/11/5 125/6/5 123/8/5 119/12/5
f 126/5/6 122/13/6 120/14/6 124/7/6
f 127/1/28 128/2/28 130/3/28 129/4/28
f 129/4/29 130/3/29 134/5/29 133/6/29
f 133/6/30 134/5/30 132/7/30 131/8/30
f 131/8/31 132/7/31 128/9/31 127/10/31
f 129/11/5 133/6/5 131/8/5 127/12/5
f 134/5/6 130/13/6 128/14/6 132/7/6
f 135/1/28 136/2/28 138/3/28 137/4/28
f 137/4/29 138/3/29 142/5/29 141/6/29
f 141/6/30 142/5/30 140/7/30 139/8/30
f 139/8/31 140/7/31 136/9/31 135/10/31
f 137/11/5 141/6/5 139/8/5 135/12/5
f 142/5/6 138/13/6 136/14/6 140/7/6
f 143/1/28 144/2/28 146/3/28 145/4/28
f 145/4/29 146/3/29 150/5/29 149/6/29
f 149/6/30 150/5/30 148/7/30 147/8/30
f 147/8/31 148/7/31 144/9/31 143/10/31
f 145/11/5 149/6/5 147/8/5 143/12/5
f 150/5/6 146/13/6 144/14/6 148/7/6
f 151/1/28 152/2/28 154/3/28 153/4/28
f 153/4/29 154/3/29 158/5/29 157/6/29
f 157/6/30 158/5/30 156/7/30 155/8/30
f 155/8/31 156/7/31 152/9/31 151/10/31
f 153/11/5 157/6/5 155/8/5 151/12/5
f 158/5/6 154/13/6 152/14/6 156/7/6
f 159/1/28 160/2/28 162/3/28 161/4/28
f 161/4/29 162/3/29 166/5/29 165/6/29
f 165/6/30 166/5/30 164/7/30 163/8/30
f 163/8/31 164/7/31 160/9/31 159/10/31
f 161/11/5 165/6/5 163/8/5 159/12/5
f 166/5/6 162/13/6 160/14/6 164/7/6
f 167/1/28 168/2/28 170/3/28 169/4/28
f 169/4/29 170/3/29 174/5/29 173/6/29
f 173/6/30 174/5/30 172/7/30 171/8/30
f 171/8/31 172/7/31 168/9/31 167/10/31
f 169/11/5 173/6/5 171/8/5 167/12/5
f 174/5/6 170/13/6 168/14/6 172/7/6
f 175/1/28 176/2/28 178/3/28 177/4/28
f 177/4/29 178/3/29 182/5/29 181/6/29
f 181/6/30 182/5/30 180/7/30 179/8/30
f 179/8/31 180/7/31 176/9/31 175/10/31
f 177/11/5 181/6/5 179/8/5 175/12/5
f 182/5/6 178/13/6 176/14/6 180/7/6
f 183/1/28 184/2/28 186/3/28 185/4/28
f 185/4/29 186/3/29 190/5/29 189/6/29
f 189/6/30 190/5/30 188/7/30 187/8/30
f 187/8/31 188/7/31 184/9/31 183/10/31
f 185/11/5 189/6/5 187/8/5 183/12/5
f 190/5/6 186/13/6 184/14/6 188/7/6
f 191/1/28 192/2/28 194/3/28 193/4/28
f 193/4/29 194/3/29 198/5/29 197/6/29
f 197/6/30 198/5/30 196/7/30 195/8/30
f 195/8/31 196/7/31 192/9/31 191/10/31
f 193/11/5 197/6/5 195/8/5 191/12/5
f 198/5/6 194/13/6 192/14/6 196/7/6
f 199/1/28 200/2/28 202/3/28 201/4/28
f 201/4/29 202/3/29 206/5/29 205/6/29
f 205/6/30 206/5/30 204/7/30 203/8/30
f 203/8/31 204/7/31 200/9/31 199/10/31
f 201/11/5 205/6/5 203/8/5 199/12/5
f 206/5/6 202/13/6 200/14/6 204/7/6
f 207/1/28 208/2/28 210/3/28 209/4/28
f 209/4/29 210/3/29 214/5/29 213/6/29
f 213/6/30 214/5/30 212/7/30 211/8/30
f 211/8/31 212/7/31 208/9/31 207/10/31
f 209/11/5 213/6/5 211/8/5 207/12/5
f 214/5/6 210/13/6 208/14/6 212/7/6
f 215/1/28 216/2/28 218/3/28 217/4/28
f 217/4/29 218/3/29 222/5/29 221/6/29
f 221/6/30 222/5/30 220/7/30 219/8/30
f 219/8/31 220/7/31 216/9/31 215/10/31
f 217/11/5 221/6/5 219/8/5 215/12/5
f 222/5/6 218/13/6 216/14/6 220/7/6
f 223/1/28 224/2/28 226/3/28 225/4/28
f 225/4/29 226/3/29 230/5/29 229/6/29
f 229/6/30 230/5/30 228/7/30 227/8/30
f 227/8/31 228/7/31 224/9/31 223/10/31
f 225/11/5 229/6/5 227/8/5 223/12/5
f 230/5/6 226/13/6 224/14/6 228/7/6
f 233/6/1 231/8/1 232/7/1 234/5/1
f 235/1/30 237/4/30 238/3/30 236/2/30
f 234/5/32 232/7/32 236/2/32 238/3/32
f 233/6/2 234/5/2 238/3/2 237/4/2
f 232/7/33 231/8/33 235/1/33 236/2/33
f 231/8/34 233/6/34 237/4/34 235/1/34
o 立方体.006
v -0.029594 0.624538 1.199115
v -0.029594 0.624538 1.096388
v 0.094203 0.624538 1.199124
v 0.094203 0.624538 1.096379
v -0.029594 1.969680 1.199115
v -0.029594 1.969680 1.096388
v 0.094203 1.969680 1.096379
v 0.094203 1.969680 1.199124
v -0.098135 1.969680 1.255991
v -0.098135 1.969680 1.039512
v 0.162744 1.969680 1.039493
v 0.162744 1.969680 1.256010
v -0.098135 2.080268 1.255991
v -0.098135 2.080268 1.039512
v 0.162744 2.080268 1.039493
v 0.162744 2.080268 1.256010
v -0.007020 0.901218 1.171635
v -0.007020 0.901218 1.123868
v 0.071629 0.901218 1.171640
v 0.071629 0.901218 1.123864
v -0.007020 1.693000 1.171635
v -0.007020 1.693000 1.123868
v 0.071629 1.693000 1.123864
v 0.071629 1.693000 1.171640
v 2.725024 2.282572 1.199115
v 2.725024 2.282572 1.096388
v 2.848820 2.282572 1.199124
v 2.848820 2.282572 1.096379
v 2.725024 3.627714 1.199115
v 2.725024 3.627714 1.096388
v 2.848820 3.627714 1.096379
v 2.848820 3.627714 1.199124
v 2.656482 3.627714 1.255991
v 2.656482 3.627714 1.039513
v 2.917362 3.627714 1.039494
v 2.917362 3.627714 1.256010
v 2.656482 3.738302 1.255991
v 2.656482 3.738302 1.039513
v 2.917362 3.738302 1.039494
v 2.917362 3.738302 1.256010
v 3.494505 2.282572 1.108980
v 3.471220 2.282572 1.008927
v 3.615082 2.282572 1.080929
v 3.591793 2.282572 0.980858
v 3.494505 3.627714 1.108980
v 3.471220 3.627714 1.008927
v 3.591793 3.627714 0.980858
v 3.615082 3.627714 1.080929
v 3.440639 3.627714 1.179912
v 3.391571 3.627714 0.969068
v 3.645657 3.627714 0.909917
v 3.694733 3.627714 1.120798
v 3.440639 3.738302 1.179912
v 3.391571 3.738302 0.969068
v 3.645657 3.738302 0.909917
v 3.694733 3.738302 1.120798
v 9.092935 6.285676 -0.910157
v 9.059449 6.285676 -1.007273
v 9.209972 6.285676 -0.950502
v 9.176481 6.285676 -1.047635
v 9.092935 7.630818 -0.910157
v 9.059449 7.630818 -1.007273
v 9.176481 7.630818 -1.047635
v 9.209972 7.630818 -0.950502
v 9.046677 7.630818 -0.834045
v 8.976111 7.630818 -1.038700
v 9.222736 7.630818 -1.123756
v 9.293313 7.630818 -0.919066
v 9.046677 7.741405 -0.834045
v 8.976111 7.741405 -1.038700
v 9.222736 7.741405 -1.123756
v 9.293313 7.741405 -0.919066
v 2.741699 2.708774 1.171640
v 2.741699 2.708774 1.123864
v 2.741699 3.500556 1.171640
v 2.741699 3.500556 1.123864
v 3.521955 2.710191 1.068055
v 3.509223 2.710191 1.022007
v 3.521955 3.501972 1.068055
v 3.509223 3.501972 1.022007
v 3.594326 2.636267 1.057452
v 3.581594 2.636267 1.011404
v 3.594326 3.428049 1.057452
v 3.581594 3.428049 1.011404
v 9.125762 6.753347 -0.940657
v 9.113030 6.753347 -0.986705
v 9.125762 7.545129 -0.940657
v 9.113030 7.545129 -0.986705
vn -0.0000 -1.0000 -0.0000
vn -0.0001 -0.0000 1.0000
vn -1.0000 -0.0000 -0.0000
vn 1.0000 -0.0000 -0.0000
vn -0.0001 -0.0000 -1.0000
vn -0.0000 1.0000 -0.0000
vn -0.0000 -0.0000 1.0000
vn 0.2266 -0.0000 0.9740
vn -0.9740 -0.0000 0.2267
vn 0.9740 -0.0000 -0.2267
vn -0.2267 -0.0000 -0.9740
vn 0.3259 -0.0000 0.9454
vn -0.9454 -0.0000 0.3260
vn 0.9454 -0.0000 -0.3260
vn -0.3260 -0.0000 -0.9454
vn -0.5537 0.8327 -0.0000
vn -0.0000 -0.0000 -1.0000
vn -0.1469 -0.0000 -0.9892
vn 0.1439 -0.0000 0.9896
vn -0.5541 0.8170 0.1595
vn -0.3433 -0.0000 -0.9392
vn 0.3431 -0.0000 0.9393
vn -0.0018 1.0000 0.0002
vn -0.5606 0.8281 -0.0000
vn 0.5606 -0.8281 -0.0000
vn 0.1450 -0.0000 0.9894
vn 0.1316 -0.0000 0.9913
vn 0.0018 -1.0000 -0.0002
vn -0.1316 -0.0000 -0.9913
vn -0.3397 -0.0000 -0.9405
vn -0.6878 -0.7006 0.1902
vn -0.1450 -0.0000 -0.9894
vn 0.6878 0.7006 -0.1902
vn 0.9638 -0.0000 -0.2665
vn -0.5538 0.8184 0.1531
vn 0.3397 -0.0000 0.9405
vn 0.5538 -0.8184 -0.1531
vt 0.625000 0.527462
vt 0.625000 0.722533
vt 0.837981 0.713363
vt 0.837981 0.536631
vt 0.000000 0.000000
s 0
f 242/39/35 241/40/35 239/41/35 240/42/35
f 243/41/35 246/40/35 250/40/35 247/41/35
f 239/41/36 241/40/36 246/40/36 243/41/36
f 240/42/37 239/41/37 243/41/37 244/42/37
f 241/40/38 242/39/38 245/39/38 246/40/38
f 242/39/39 240/42/39 244/42/39 245/39/39
f 250/40/38 249/39/38 253/39/38 254/40/38
f 244/42/35 243/41/35 247/41/35 248/42/35
f 246/40/35 245/39/35 249/39/35 250/40/35
f 245/39/35 244/42/35 248/42/35 249/39/35
f 253/39/40 252/42/40 251/41/40 254/40/40
f 249/39/39 248/42/39 252/42/39 253/39/39
f 247/41/36 250/40/36 254/40/36 251/41/36
f 248/42/37 247/41/37 251/41/37 252/42/37
f 255/41/36 257/40/36 262/40/36 259/41/36
f 256/42/37 255/41/37 259/41/37 260/42/37
f 262/40/41 257/40/41 311/40/41 313/40/41
f 258/39/39 256/42/39 260/42/39 261/39/39
f 266/39/35 265/40/35 263/41/35 264/42/35
f 267/41/35 270/40/35 274/40/35 271/41/35
f 263/41/36 265/40/36 270/40/36 267/41/36
f 264/42/37 263/41/37 267/41/37 268/42/37
f 265/40/38 266/39/38 269/39/38 270/40/38
f 266/39/39 264/42/39 268/42/39 269/39/39
f 274/40/38 273/39/38 277/39/38 278/40/38
f 268/42/35 267/41/35 271/41/35 272/42/35
f 270/40/35 269/39/35 273/39/35 274/40/35
f 269/39/35 268/42/35 272/42/35 273/39/35
f 277/39/40 276/42/40 275/41/40 278/40/40
f 273/39/39 272/42/39 276/42/39 277/39/39
f 271/41/36 274/40/36 278/40/36 275/41/36
f 272/42/37 271/41/37 275/41/37 276/42/37
f 282/39/35 281/40/35 279/41/35 280/42/35
f 283/41/35 286/40/35 290/40/35 287/41/35
f 279/41/42 281/40/42 286/40/42 283/41/42
f 280/42/43 279/41/43 283/41/43 284/42/43
f 281/40/44 282/39/44 285/39/44 286/40/44
f 282/39/45 280/42/45 284/42/45 285/39/45
f 290/40/44 289/39/44 293/39/44 294/40/44
f 284/42/35 283/41/35 287/41/35 288/42/35
f 286/40/35 285/39/35 289/39/35 290/40/35
f 285/39/35 284/42/35 288/42/35 289/39/35
f 293/39/40 292/42/40 291/41/40 294/40/40
f 289/39/45 288/42/45 292/42/45 293/39/45
f 287/41/42 290/40/42 294/40/42 291/41/42
f 288/42/43 287/41/43 291/41/43 292/42/43
f 298/39/35 297/40/35 295/41/35 296/42/35
f 299/41/35 302/40/35 306/40/35 303/41/35
f 295/41/46 297/40/46 302/40/46 299/41/46
f 296/42/47 295/41/47 299/41/47 300/42/47
f 297/40/48 298/39/48 301/39/48 302/40/48
f 298/39/49 296/42/49 300/42/49 301/39/49
f 306/40/48 305/39/48 309/39/48 310/40/48
f 300/42/35 299/41/35 303/41/35 304/42/35
f 302/40/35 301/39/35 305/39/35 306/40/35
f 301/39/35 300/42/35 304/42/35 305/39/35
f 309/39/40 308/42/40 307/41/40 310/40/40
f 305/39/49 304/42/49 308/42/49 309/39/49
f 303/41/46 306/40/46 310/40/46 307/41/46
f 304/42/47 303/41/47 307/41/47 308/42/47
f 254/40/50 275/41/50 276/42/50 253/39/50
f 249/39/51 253/39/51 276/42/51 272/42/51
f 271/41/41 275/41/41 254/40/41 250/40/41
f 291/41/40 292/42/40 277/39/40 278/40/40
f 273/39/52 277/39/52 292/42/52 288/42/52
f 287/41/53 291/41/53 278/40/53 274/40/53
f 307/41/54 308/42/54 293/39/54 294/40/54
f 293/39/55 308/42/55 304/42/55 289/39/55
f 307/41/56 294/40/56 290/40/56 303/41/56
f 314/43/57 313/43/57 317/43/57 318/43/57
f 258/39/51 261/39/51 314/39/51 312/39/51
f 261/43/58 262/43/58 313/43/58 314/43/58
f 257/43/59 258/43/59 312/43/59 311/43/59
f 317/40/60 315/40/60 319/40/60 321/40/60
f 313/40/61 311/40/61 315/40/61 317/40/61
f 311/43/62 312/43/62 316/43/62 315/43/62
f 312/39/63 314/39/63 318/39/63 316/39/63
f 320/39/64 322/39/64 326/39/64 324/39/64
f 315/43/65 316/43/65 320/43/65 319/43/65
f 316/39/66 318/39/66 322/39/66 320/39/66
f 318/43/67 317/43/67 321/43/67 322/43/67
f 323/40/68 324/39/68 326/39/68 325/40/68
f 322/43/69 321/43/69 325/43/69 326/43/69
f 321/40/70 319/40/70 323/40/70 325/40/70
f 319/43/71 320/43/71 324/43/71 323/43/71
o 立方体.008
v 3.192323 -2.110727 12.964564
v 3.192323 -0.110727 12.964564
v -5.550047 -2.110727 -8.011319
v -5.550047 -0.110727 -8.011319
v 10.377005 -2.110727 9.970119
v 10.377005 -0.110727 9.970119
v 1.634635 -2.110727 -11.005765
v 1.634635 -0.110727 -11.005765
v -6.162788 -2.110727 -7.755939
v 2.579582 -2.110727 13.219944
v 2.579582 -0.110727 13.219944
v -6.162788 -0.110727 -7.755939
v 3.192323 0.099865 12.964564
v -5.550047 0.099865 -8.011319
v 2.579582 0.099865 13.219944
v -6.162788 0.099865 -7.755939
v -5.766840 0.048009 -7.563327
v -5.806809 0.048009 -7.657959
v -5.652794 0.048009 -7.611486
v -5.692771 0.048009 -7.706135
v -5.766840 1.393151 -7.563327
v -5.806809 1.393151 -7.657959
v -5.692771 1.393151 -7.706135
v -5.652794 1.393151 -7.611486
v -5.807850 1.393151 -7.484264
v -5.892079 1.393151 -7.683685
v -5.651764 1.393151 -7.785207
v -5.567521 1.393151 -7.585752
v -5.807850 1.503739 -7.484264
v -5.892079 1.503739 -7.683685
v -5.651764 1.503739 -7.785207
v -5.567521 1.503739 -7.585752
v -5.756736 0.324689 -7.597425
v -5.775322 0.324689 -7.641428
v -5.684283 0.324689 -7.628022
v -5.702872 1.048972 -7.672033
v -5.756736 1.116471 -7.597425
v -5.775322 1.116471 -7.641428
v -5.702872 1.116471 -7.672033
v -5.684283 1.116471 -7.628022
v 2.728389 0.048009 12.847048
v 2.688419 0.048009 12.752417
v 2.842434 0.048009 12.798889
v 2.802458 0.048009 12.704241
v 2.728389 1.393151 12.847048
v 2.688419 1.393151 12.752417
v 2.802458 1.393151 12.704241
v 2.842434 1.393151 12.798889
v 2.687378 1.393151 12.926111
v 2.603149 1.393151 12.726690
v 2.843465 1.393151 12.625168
v 2.927709 1.393151 12.824623
v 2.687378 1.503739 12.926111
v 2.603149 1.503739 12.726690
v 2.843465 1.503739 12.625168
v 2.927709 1.503739 12.824623
v 2.738492 0.324689 12.812950
v 2.719907 0.324689 12.768948
v 2.810946 0.324689 12.782352
v 2.792356 1.048972 12.738342
v 2.738492 1.116471 12.812950
v 2.719907 1.116471 12.768948
v 2.792356 1.116471 12.738342
v 2.810946 1.116471 12.782352
v -5.702872 0.405480 -7.672033
v -5.756736 0.472979 -7.597425
v -5.702872 0.472979 -7.672033
v -5.684283 0.472979 -7.628022
v 2.792356 0.405480 12.738342
v 2.719907 0.472979 12.768948
v 2.792356 0.472979 12.738342
v 2.775704 0.424189 12.766722
v 2.775704 1.072536 12.766722
v 2.751600 0.424189 12.776795
v 2.751600 1.072536 12.776795
v 2.765631 0.424189 12.742618
v 2.765631 1.072536 12.742618
v 2.741527 0.424189 12.752691
v 2.741527 1.072536 12.752691
v 2.718184 0.424189 12.629088
v 2.718184 1.072536 12.629088
v 2.694080 0.424189 12.639162
v 2.694080 1.072536 12.639162
v 2.708111 0.424189 12.604985
v 2.708111 1.072536 12.604985
v 2.684007 0.424189 12.615059
v 2.684007 1.072536 12.615059
v 2.660664 0.424189 12.491456
v 2.660664 1.072536 12.491456
v 2.636560 0.424189 12.501530
v 2.636560 1.072536 12.501530
v 2.650591 0.424189 12.467352
v 2.650591 1.072536 12.467352
v 2.626487 0.424189 12.477426
v 2.626487 1.072536 12.477426
v 2.603144 0.424189 12.353823
v 2.603144 1.072536 12.353823
v 2.579041 0.424189 12.363896
v 2.579041 1.072536 12.363896
v 2.593071 0.424189 12.329719
v 2.593071 1.072536 12.329719
v 2.568967 0.424189 12.339792
v 2.568967 1.072536 12.339792
v 2.545624 0.424189 12.216190
v 2.545624 1.072536 12.216190
v 2.521520 0.424189 12.226263
v 2.521520 1.072536 12.226263
v 2.535551 0.424189 12.192086
v 2.535551 1.072536 12.192086
v 2.511447 0.424189 12.202160
v 2.511447 1.072536 12.202160
v 2.488104 0.424189 12.078557
v 2.488104 1.072536 12.078557
v 2.464000 0.424189 12.088631
v 2.464000 1.072536 12.088631
v 2.478031 0.424189 12.054453
v 2.478031 1.072536 12.054453
v 2.453927 0.424189 12.064527
v 2.453927 1.072536 12.064527
v 2.430584 0.424189 11.940924
v 2.430584 1.072536 11.940924
v 2.406480 0.424189 11.950997
v 2.406480 1.072536 11.950997
v 2.420511 0.424189 11.916821
v 2.420511 1.072536 11.916821
v 2.396407 0.424189 11.926893
v 2.396407 1.072536 11.926893
v 2.373064 0.424189 11.803291
v 2.373064 1.072536 11.803291
v 2.348960 0.424189 11.813365
v 2.348960 1.072536 11.813365
v 2.362991 0.424189 11.779187
v 2.362991 1.072536 11.779187
v 2.338887 0.424189 11.789261
v 2.338887 1.072536 11.789261
v 2.315544 0.424189 11.665658
v 2.315544 1.072536 11.665658
v 2.291440 0.424189 11.675732
v 2.291440 1.072536 11.675732
v 2.305470 0.424189 11.641554
v 2.305470 1.072536 11.641554
v 2.281367 0.424189 11.651628
v 2.281367 1.072536 11.651628
v 2.258024 0.424189 11.528025
v 2.258024 1.072536 11.528025
v 2.233920 0.424189 11.538099
v 2.233920 1.072536 11.538099
v 2.247951 0.424189 11.503922
v 2.247951 1.072536 11.503922
v 2.223847 0.424189 11.513995
v 2.223847 1.072536 11.513995
v 2.200504 0.424189 11.390392
v 2.200504 1.072536 11.390392
v 2.176400 0.424189 11.400466
v 2.176400 1.072536 11.400466
v 2.190431 0.424189 11.366288
v 2.190431 1.072536 11.366288
v 2.166327 0.424189 11.376362
v 2.166327 1.072536 11.376362
v 2.142984 0.424189 11.252759
v 2.142984 1.072536 11.252759
v 2.118880 0.424189 11.262833
v 2.118880 1.072536 11.262833
v 2.132911 0.424189 11.228655
v 2.132911 1.072536 11.228655
v 2.108807 0.424189 11.238729
v 2.108807 1.072536 11.238729
v 2.085464 0.424189 11.115126
v 2.085464 1.072536 11.115126
v 2.061360 0.424189 11.125200
v 2.061360 1.072536 11.125200
v 2.075391 0.424189 11.091022
v 2.075391 1.072536 11.091022
v 2.051287 0.424189 11.101096
v 2.051287 1.072536 11.101096
v 2.027944 0.424189 10.977493
v 2.027944 1.072536 10.977493
v 2.003840 0.424189 10.987567
v 2.003840 1.072536 10.987567
v 2.017870 0.424189 10.953389
v 2.017870 1.072536 10.953389
v 1.993767 0.424189 10.963463
v 1.993767 1.072536 10.963463
v 1.970424 0.424189 10.839860
v 1.970424 1.072536 10.839860
v 1.946320 0.424189 10.849934
v 1.946320 1.072536 10.849934
v 1.960351 0.424189 10.815756
v 1.960351 1.072536 10.815756
v 1.936247 0.424189 10.825830
v 1.936247 1.072536 10.825830
v 1.912904 0.424189 10.702227
v 1.912904 1.072536 10.702227
v 1.888800 0.424189 10.712301
v 1.888800 1.072536 10.712301
v 1.902831 0.424189 10.678123
v 1.902831 1.072536 10.678123
v 1.878727 0.424189 10.688197
v 1.878727 1.072536 10.688197
v 1.855384 0.424189 10.564594
v 1.855384 1.072536 10.564594
v 1.831280 0.424189 10.574668
v 1.831280 1.072536 10.574668
v 1.845310 0.424189 10.540490
v 1.845310 1.072536 10.540490
v 1.821207 0.424189 10.550564
v 1.821207 1.072536 10.550564
v 1.797864 0.424189 10.426961
v 1.797864 1.072536 10.426961
v 1.773760 0.424189 10.437035
v 1.773760 1.072536 10.437035
v 1.787791 0.424189 10.402857
v 1.787791 1.072536 10.402857
v 1.763687 0.424189 10.412931
v 1.763687 1.072536 10.412931
v 1.740344 0.424189 10.289329
v 1.740344 1.072536 10.289329
v 1.716240 0.424189 10.299402
v 1.716240 1.072536 10.299402
v 1.730271 0.424189 10.265224
v 1.730271 1.072536 10.265224
v 1.706167 0.424189 10.275298
v 1.706167 1.072536 10.275298
v 1.682824 0.424189 10.151695
v 1.682824 1.072536 10.151695
v 1.658720 0.424189 10.161769
v 1.658720 1.072536 10.161769
v 1.672751 0.424189 10.127592
v 1.672751 1.072536 10.127592
v 1.648647 0.424189 10.137665
v 1.648647 1.072536 10.137665
v 1.625304 0.424189 10.014063
v 1.625304 1.072536 10.014063
v 1.601200 0.424189 10.024136
v 1.601200 1.072536 10.024136
v 1.615231 0.424189 9.989959
v 1.615231 1.072536 9.989959
v 1.591127 0.424189 10.000032
v 1.591127 1.072536 10.000032
v 1.567784 0.424189 9.876430
v 1.567784 1.072536 9.876430
v 1.543680 0.424189 9.886503
v 1.543680 1.072536 9.886503
v 1.557711 0.424189 9.852325
v 1.557711 1.072536 9.852325
v 1.533607 0.424189 9.862399
v 1.533607 1.072536 9.862399
v 1.510264 0.424189 9.738796
v 1.510264 1.072536 9.738796
v 1.486160 0.424189 9.748870
v 1.486160 1.072536 9.748870
v 1.500190 0.424189 9.714693
v 1.500190 1.072536 9.714693
v 1.476087 0.424189 9.724767
v 1.476087 1.072536 9.724767
v 1.452744 0.424189 9.601164
v 1.452744 1.072536 9.601164
v 1.428640 0.424189 9.611237
v 1.428640 1.072536 9.611237
v 1.442670 0.424189 9.577060
v 1.442670 1.072536 9.577060
v 1.418567 0.424189 9.587133
v 1.418567 1.072536 9.587133
v 1.395224 0.424189 9.463531
v 1.395224 1.072536 9.463531
v 1.371120 0.424189 9.473604
v 1.371120 1.072536 9.473604
v 1.385151 0.424189 9.439426
v 1.385151 1.072536 9.439426
v 1.361047 0.424189 9.449501
v 1.361047 1.072536 9.449501
v 1.337704 0.424189 9.325897
v 1.337704 1.072536 9.325897
v 1.313600 0.424189 9.335971
v 1.313600 1.072536 9.335971
v 1.327631 0.424189 9.301794
v 1.327631 1.072536 9.301794
v 1.303527 0.424189 9.311868
v 1.303527 1.072536 9.311868
v 1.280184 0.424189 9.188265
v 1.280184 1.072536 9.188265
v 1.256080 0.424189 9.198339
v 1.256080 1.072536 9.198339
v 1.270110 0.424189 9.164161
v 1.270110 1.072536 9.164161
v 1.246007 0.424189 9.174234
v 1.246007 1.072536 9.174234
v 1.222664 0.424189 9.050632
v 1.222664 1.072536 9.050632
v 1.198560 0.424189 9.060705
v 1.198560 1.072536 9.060705
v 1.212590 0.424189 9.026527
v 1.212590 1.072536 9.026527
v 1.188487 0.424189 9.036602
v 1.188487 1.072536 9.036602
v 1.165144 0.424189 8.912998
v 1.165144 1.072536 8.912998
v 1.141040 0.424189 8.923073
v 1.141040 1.072536 8.923073
v 1.155070 0.424189 8.888895
v 1.155070 1.072536 8.888895
v 1.130967 0.424189 8.898969
v 1.130967 1.072536 8.898969
v 1.107624 0.424189 8.775366
v 1.107624 1.072536 8.775366
v 1.083520 0.424189 8.785439
v 1.083520 1.072536 8.785439
v 1.097550 0.424189 8.751262
v 1.097550 1.072536 8.751262
v 1.073447 0.424189 8.761335
v 1.073447 1.072536 8.761335
v 1.050104 0.424189 8.637733
v 1.050104 1.072536 8.637733
v 1.026000 0.424189 8.647806
v 1.026000 1.072536 8.647806
v 1.040030 0.424189 8.613628
v 1.040030 1.072536 8.613628
v 1.015926 0.424189 8.623703
v 1.015926 1.072536 8.623703
v 0.992584 0.424189 8.500099
v 0.992584 1.072536 8.500099
v 0.968480 0.424189 8.510174
v 0.968480 1.072536 8.510174
v 0.982510 0.424189 8.475996
v 0.982510 1.072536 8.475996
v 0.958407 0.424189 8.486070
v 0.958407 1.072536 8.486070
v 0.935064 0.424189 8.362467
v 0.935064 1.072536 8.362467
v 0.910960 0.424189 8.372540
v 0.910960 1.072536 8.372540
v 0.924990 0.424189 8.338364
v 0.924990 1.072536 8.338364
v 0.900887 0.424189 8.348436
v 0.900887 1.072536 8.348436
v 0.877544 0.424189 8.224833
v 0.877544 1.072536 8.224833
v 0.853440 0.424189 8.234907
v 0.853440 1.072536 8.234907
v 0.867470 0.424189 8.200729
v 0.867470 1.072536 8.200729
v 0.843367 0.424189 8.210804
v 0.843367 1.072536 8.210804
v 0.820024 0.424189 8.087200
v 0.820024 1.072536 8.087200
v 0.795920 0.424189 8.097275
v 0.795920 1.072536 8.097275
v 0.809950 0.424189 8.063097
v 0.809950 1.072536 8.063097
v 0.785846 0.424189 8.073171
v 0.785846 1.072536 8.073171
v 0.762504 0.424189 7.949568
v 0.762504 1.072536 7.949568
v 0.738400 0.424189 7.959641
v 0.738400 1.072536 7.959641
v 0.752430 0.424189 7.925464
v 0.752430 1.072536 7.925464
v 0.728327 0.424189 7.935538
v 0.728327 1.072536 7.935538
v 0.704984 0.424189 7.811935
v 0.704984 1.072536 7.811935
v 0.680880 0.424189 7.822009
v 0.680880 1.072536 7.822009
v 0.694910 0.424189 7.787831
v 0.694910 1.072536 7.787831
v 0.670807 0.424189 7.797905
v 0.670807 1.072536 7.797905
v 0.647464 0.424189 7.674302
v 0.647464 1.072536 7.674302
v 0.623360 0.424189 7.684376
v 0.623360 1.072536 7.684376
v 0.637390 0.424189 7.650198
v 0.637390 1.072536 7.650198
v 0.613286 0.424189 7.660272
v 0.613286 1.072536 7.660272
v 0.589944 0.424189 7.536669
v 0.589944 1.072536 7.536669
v 0.565840 0.424189 7.546743
v 0.565840 1.072536 7.546743
v 0.579870 0.424189 7.512565
v 0.579870 1.072536 7.512565
v 0.555767 0.424189 7.522639
v 0.555767 1.072536 7.522639
v 0.532424 0.424189 7.399036
v 0.532424 1.072536 7.399036
v 0.508320 0.424189 7.409110
v 0.508320 1.072536 7.409110
v 0.522350 0.424189 7.374932
v 0.522350 1.072536 7.374932
v 0.498246 0.424189 7.385006
v 0.498246 1.072536 7.385006
v 0.474904 0.424189 7.261403
v 0.474904 1.072536 7.261403
v 0.450800 0.424189 7.271477
v 0.450800 1.072536 7.271477
v 0.464830 0.424189 7.237299
v 0.464830 1.072536 7.237299
v 0.440727 0.424189 7.247373
v 0.440727 1.072536 7.247373
v 0.417384 0.424189 7.123770
v 0.417384 1.072536 7.123770
v 0.393280 0.424189 7.133844
v 0.393280 1.072536 7.133844
v 0.407310 0.424189 7.099666
v 0.407310 1.072536 7.099666
v 0.383207 0.424189 7.109740
v 0.383207 1.072536 7.109740
v 0.359864 0.424189 6.986137
v 0.359864 1.072536 6.986137
v 0.335760 0.424189 6.996211
v 0.335760 1.072536 6.996211
v 0.349790 0.424189 6.962033
v 0.349790 1.072536 6.962033
v 0.325686 0.424189 6.972107
v 0.325686 1.072536 6.972107
v 0.302344 0.424189 6.848504
v 0.302344 1.072536 6.848504
v 0.278240 0.424189 6.858578
v 0.278240 1.072536 6.858578
v 0.292270 0.424189 6.824400
v 0.292270 1.072536 6.824400
v 0.268167 0.424189 6.834474
v 0.268167 1.072536 6.834474
v 0.244824 0.424189 6.710871
v 0.244824 1.072536 6.710871
v 0.220720 0.424189 6.720945
v 0.220720 1.072536 6.720945
v 0.234750 0.424189 6.686767
v 0.234750 1.072536 6.686767
v 0.210646 0.424189 6.696841
v 0.210646 1.072536 6.696841
v 0.187304 0.424189 6.573238
v 0.187304 1.072536 6.573238
v 0.163200 0.424189 6.583312
v 0.163200 1.072536 6.583312
v 0.177230 0.424189 6.549134
v 0.177230 1.072536 6.549134
v 0.153126 0.424189 6.559208
v 0.153126 1.072536 6.559208
v 0.129784 0.424189 6.435606
v 0.129784 1.072536 6.435606
v 0.105680 0.424189 6.445679
v 0.105680 1.072536 6.445679
v 0.119710 0.424189 6.411501
v 0.119710 1.072536 6.411501
v 0.095606 0.424189 6.421575
v 0.095606 1.072536 6.421575
v 0.072264 0.424189 6.297972
v 0.072264 1.072536 6.297972
v 0.048160 0.424189 6.308046
v 0.048160 1.072536 6.308046
v 0.062190 0.424189 6.273869
v 0.062190 1.072536 6.273869
v 0.038086 0.424189 6.283942
v 0.038086 1.072536 6.283942
v 0.014744 0.424189 6.160339
v 0.014744 1.072536 6.160339
v -0.009360 0.424189 6.170413
v -0.009360 1.072536 6.170413
v 0.004670 0.424189 6.136235
v 0.004670 1.072536 6.136235
v -0.019433 0.424189 6.146309
v -0.019433 1.072536 6.146309
v -0.042776 0.424189 6.022707
v -0.042776 1.072536 6.022707
v -0.066880 0.424189 6.032780
v -0.066880 1.072536 6.032780
v -0.052850 0.424189 5.998602
v -0.052850 1.072536 5.998602
v -0.076954 0.424189 6.008676
v -0.076954 1.072536 6.008676
v -0.100296 0.424189 5.885073
v -0.100296 1.072536 5.885073
v -0.124400 0.424189 5.895147
v -0.124400 1.072536 5.895147
v -0.110370 0.424189 5.860970
v -0.110370 1.072536 5.860970
v -0.134474 0.424189 5.871043
v -0.134474 1.072536 5.871043
v -0.157816 0.424189 5.747440
v -0.157816 1.072536 5.747440
v -0.181920 0.424189 5.757514
v -0.181920 1.072536 5.757514
v -0.167890 0.424189 5.723336
v -0.167890 1.072536 5.723336
v -0.191994 0.424189 5.733410
v -0.191994 1.072536 5.733410
v -0.215336 0.424189 5.609807
v -0.215336 1.072536 5.609807
v -0.239440 0.424189 5.619881
v -0.239440 1.072536 5.619881
v -0.225410 0.424189 5.585703
v -0.225410 1.072536 5.585703
v -0.249514 0.424189 5.595777
v -0.249514 1.072536 5.595777
v -0.272856 0.424189 5.472175
v -0.272856 1.072536 5.472175
v -0.296960 0.424189 5.482248
v -0.296960 1.072536 5.482248
v -0.282930 0.424189 5.448071
v -0.282930 1.072536 5.448071
v -0.307034 0.424189 5.458144
v -0.307034 1.072536 5.458144
v -0.330376 0.424189 5.334541
v -0.330376 1.072536 5.334541
v -0.354480 0.424189 5.344615
v -0.354480 1.072536 5.344615
v -0.340450 0.424189 5.310438
v -0.340450 1.072536 5.310438
v -0.364554 0.424189 5.320511
v -0.364554 1.072536 5.320511
v -0.387897 0.424189 5.196908
v -0.387897 1.072536 5.196908
v -0.412000 0.424189 5.206982
v -0.412000 1.072536 5.206982
v -0.397970 0.424189 5.172804
v -0.397970 1.072536 5.172804
v -0.422074 0.424189 5.182878
v -0.422074 1.072536 5.182878
v -0.445416 0.424189 5.059276
v -0.445416 1.072536 5.059276
v -0.469520 0.424189 5.069349
v -0.469520 1.072536 5.069349
v -0.455490 0.424189 5.035172
v -0.455490 1.072536 5.035172
v -0.479594 0.424189 5.045245
v -0.479594 1.072536 5.045245
v -0.502937 0.424189 4.921643
v -0.502937 1.072536 4.921643
v -0.527040 0.424189 4.931716
v -0.527040 1.072536 4.931716
v -0.513010 0.424189 4.897539
v -0.513010 1.072536 4.897539
v -0.537114 0.424189 4.907612
v -0.537114 1.072536 4.907612
v -0.560457 0.424189 4.784009
v -0.560457 1.072536 4.784009
v -0.584560 0.424189 4.794083
v -0.584560 1.072536 4.794083
v -0.570530 0.424189 4.759906
v -0.570530 1.072536 4.759906
v -0.594634 0.424189 4.769979
v -0.594634 1.072536 4.769979
v -0.617976 0.424189 4.646377
v -0.617976 1.072536 4.646377
v -0.642080 0.424189 4.656449
v -0.642080 1.072536 4.656449
v -0.628050 0.424189 4.622273
v -0.628050 1.072536 4.622273
v -0.652154 0.424189 4.632346
v -0.652154 1.072536 4.632346
v -0.675497 0.424189 4.508744
v -0.675497 1.072536 4.508744
v -0.699600 0.424189 4.518817
v -0.699600 1.072536 4.518817
v -0.685570 0.424189 4.484640
v -0.685570 1.072536 4.484640
v -0.709674 0.424189 4.494713
v -0.709674 1.072536 4.494713
v -0.733016 0.424189 4.371111
v -0.733016 1.072536 4.371111
v -0.757120 0.424189 4.381184
v -0.757120 1.072536 4.381184
v -0.743090 0.424189 4.347007
v -0.743090 1.072536 4.347007
v -0.767194 0.424189 4.357080
v -0.767194 1.072536 4.357080
v -0.790537 0.424189 4.233479
v -0.790537 1.072536 4.233479
v -0.814640 0.424189 4.243551
v -0.814640 1.072536 4.243551
v -0.800610 0.424189 4.209374
v -0.800610 1.072536 4.209374
v -0.824714 0.424189 4.219447
v -0.824714 1.072536 4.219447
v -0.848057 0.424189 4.095845
v -0.848057 1.072536 4.095845
v -0.872160 0.424189 4.105918
v -0.872160 1.072536 4.105918
v -0.858130 0.424189 4.071741
v -0.858130 1.072536 4.071741
v -0.882234 0.424189 4.081814
v -0.882234 1.072536 4.081814
v -0.905577 0.424189 3.958212
v -0.905577 1.072536 3.958212
v -0.929680 0.424189 3.968285
v -0.929680 1.072536 3.968285
v -0.915650 0.424189 3.934108
v -0.915650 1.072536 3.934108
v -0.939754 0.424189 3.944180
v -0.939754 1.072536 3.944180
v -0.963097 0.424189 3.820580
v -0.963097 1.072536 3.820580
v -0.987200 0.424189 3.830652
v -0.987200 1.072536 3.830652
v -0.973170 0.424189 3.796475
v -0.973170 1.072536 3.796475
v -0.997274 0.424189 3.806548
v -0.997274 1.072536 3.806548
v -1.020617 0.424189 3.682946
v -1.020617 1.072536 3.682946
v -1.044720 0.424189 3.693019
v -1.044720 1.072536 3.693019
v -1.030690 0.424189 3.658842
v -1.030690 1.072536 3.658842
v -1.054794 0.424189 3.668915
v -1.054794 1.072536 3.668915
v -1.078137 0.424189 3.545313
v -1.078137 1.072536 3.545313
v -1.102240 0.424189 3.555386
v -1.102240 1.072536 3.555386
v -1.088210 0.424189 3.521210
v -1.088210 1.072536 3.521210
v -1.112314 0.424189 3.531282
v -1.112314 1.072536 3.531282
v -1.135657 0.424189 3.407681
v -1.135657 1.072536 3.407681
v -1.159760 0.424189 3.417753
v -1.159760 1.072536 3.417753
v -1.145730 0.424189 3.383576
v -1.145730 1.072536 3.383576
v -1.169834 0.424189 3.393649
v -1.169834 1.072536 3.393649
v -1.193177 0.424189 3.270047
v -1.193177 1.072536 3.270047
v -1.217280 0.424189 3.280120
v -1.217280 1.072536 3.280120
v -1.203250 0.424189 3.245943
v -1.203250 1.072536 3.245943
v -1.227354 0.424189 3.256016
v -1.227354 1.072536 3.256016
v -1.250697 0.424189 3.132414
v -1.250697 1.072536 3.132414
v -1.274801 0.424189 3.142487
v -1.274801 1.072536 3.142487
v -1.260770 0.424189 3.108311
v -1.260770 1.072536 3.108311
v -1.284874 0.424189 3.118383
v -1.284874 1.072536 3.118383
v -1.308217 0.424189 2.994781
v -1.308217 1.072536 2.994781
v -1.332321 0.424189 3.004854
v -1.332321 1.072536 3.004854
v -1.318290 0.424189 2.970677
v -1.318290 1.072536 2.970677
v -1.342394 0.424189 2.980750
v -1.342394 1.072536 2.980750
v -1.365736 0.424189 2.857149
v -1.365736 1.072536 2.857149
v -1.389840 0.424189 2.867222
v -1.389840 1.072536 2.867222
v -1.375810 0.424189 2.833046
v -1.375810 1.072536 2.833046
v -1.399914 0.424189 2.843119
v -1.399914 1.072536 2.843119
v -1.423256 0.424189 2.719517
v -1.423256 1.072536 2.719517
v -1.447360 0.424189 2.729589
v -1.447360 1.072536 2.729589
v -1.433330 0.424189 2.695413
v -1.433330 1.072536 2.695413
v -1.457434 0.424189 2.705485
v -1.457434 1.072536 2.705485
v -1.480776 0.424189 2.581883
v -1.480776 1.072536 2.581883
v -1.504880 0.424189 2.591956
v -1.504880 1.072536 2.591956
v -1.490849 0.424189 2.557779
v -1.490849 1.072536 2.557779
v -1.514954 0.424189 2.567852
v -1.514954 1.072536 2.567852
v -1.538296 0.424189 2.444251
v -1.538296 1.072536 2.444251
v -1.562400 0.424189 2.454324
v -1.562400 1.072536 2.454324
v -1.548370 0.424189 2.420147
v -1.548370 1.072536 2.420147
v -1.572474 0.424189 2.430220
v -1.572474 1.072536 2.430220
v -1.595816 0.424189 2.306618
v -1.595816 1.072536 2.306618
v -1.619920 0.424189 2.316690
v -1.619920 1.072536 2.316690
v -1.605890 0.424189 2.282514
v -1.605890 1.072536 2.282514
v -1.629994 0.424189 2.292586
v -1.629994 1.072536 2.292586
v -1.653336 0.424189 2.168984
v -1.653336 1.072536 2.168984
v -1.677440 0.424189 2.179057
v -1.677440 1.072536 2.179057
v -1.663410 0.424189 2.144880
v -1.663410 1.072536 2.144880
v -1.687514 0.424189 2.154953
v -1.687514 1.072536 2.154953
v -1.710856 0.424189 2.031352
v -1.710856 1.072536 2.031352
v -1.734960 0.424189 2.041425
v -1.734960 1.072536 2.041425
v -1.720930 0.424189 2.007248
v -1.720930 1.072536 2.007248
v -1.745034 0.424189 2.017321
v -1.745034 1.072536 2.017321
v -1.768376 0.424189 1.893719
v -1.768376 1.072536 1.893719
v -1.792480 0.424189 1.903791
v -1.792480 1.072536 1.903791
v -1.778450 0.424189 1.869615
v -1.778450 1.072536 1.869615
v -1.802554 0.424189 1.879687
v -1.802554 1.072536 1.879687
v -1.825896 0.424189 1.756085
v -1.825896 1.072536 1.756085
v -1.850000 0.424189 1.766158
v -1.850000 1.072536 1.766158
v -1.835970 0.424189 1.731981
v -1.835970 1.072536 1.731981
v -1.860074 0.424189 1.742054
v -1.860074 1.072536 1.742054
v -1.883416 0.424189 1.618453
v -1.883416 1.072536 1.618453
v -1.907520 0.424189 1.628526
v -1.907520 1.072536 1.628526
v -1.893490 0.424189 1.594349
v -1.893490 1.072536 1.594349
v -1.917594 0.424189 1.604422
v -1.917594 1.072536 1.604422
v -1.940936 0.424189 1.480820
v -1.940936 1.072536 1.480820
v -1.965040 0.424189 1.490892
v -1.965040 1.072536 1.490892
v -1.951010 0.424189 1.456716
v -1.951010 1.072536 1.456716
v -1.975114 0.424189 1.466788
v -1.975114 1.072536 1.466788
v -1.998456 0.424189 1.343186
v -1.998456 1.072536 1.343186
v -2.022560 0.424189 1.353259
v -2.022560 1.072536 1.353259
v -2.008530 0.424189 1.319083
v -2.008530 1.072536 1.319083
v -2.032634 0.424189 1.329156
v -2.032634 1.072536 1.329156
v -2.055976 0.424189 1.205554
v -2.055976 1.072536 1.205554
v -2.080081 0.424189 1.215627
v -2.080081 1.072536 1.215627
v -2.066050 0.424189 1.181450
v -2.066050 1.072536 1.181450
v -2.090154 0.424189 1.191523
v -2.090154 1.072536 1.191523
v -2.113496 0.424189 1.067921
v -2.113496 1.072536 1.067921
v -2.137600 0.424189 1.077993
v -2.137600 1.072536 1.077993
v -2.123570 0.424189 1.043817
v -2.123570 1.072536 1.043817
v -2.147674 0.424189 1.053889
v -2.147674 1.072536 1.053889
v -2.171016 0.424189 0.930288
v -2.171016 1.072536 0.930288
v -2.195120 0.424189 0.940361
v -2.195120 1.072536 0.940361
v -2.181090 0.424189 0.906184
v -2.181090 1.072536 0.906184
v -2.205194 0.424189 0.916257
v -2.205194 1.072536 0.916257
v -2.228536 0.424189 0.792655
v -2.228536 1.072536 0.792655
v -2.252640 0.424189 0.802728
v -2.252640 1.072536 0.802728
v -2.238610 0.424189 0.768551
v -2.238610 1.072536 0.768551
v -2.262714 0.424189 0.778624
v -2.262714 1.072536 0.778624
v -2.286056 0.424189 0.655022
v -2.286056 1.072536 0.655022
v -2.310160 0.424189 0.665094
v -2.310160 1.072536 0.665094
v -2.296130 0.424189 0.630918
v -2.296130 1.072536 0.630918
v -2.320234 0.424189 0.640990
v -2.320234 1.072536 0.640990
v -2.343576 0.424189 0.517389
v -2.343576 1.072536 0.517389
v -2.367681 0.424189 0.527462
v -2.367681 1.072536 0.527462
v -2.353650 0.424189 0.493285
v -2.353650 1.072536 0.493285
v -2.377754 0.424189 0.503358
v -2.377754 1.072536 0.503358
v -2.401096 0.424189 0.379756
v -2.401096 1.072536 0.379756
v -2.425200 0.424189 0.389829
v -2.425200 1.072536 0.389829
v -2.411170 0.424189 0.355652
v -2.411170 1.072536 0.355652
v -2.435274 0.424189 0.365725
v -2.435274 1.072536 0.365725
v -2.458616 0.424189 0.242123
v -2.458616 1.072536 0.242123
v -2.482720 0.424189 0.252195
v -2.482720 1.072536 0.252195
v -2.468690 0.424189 0.218019
v -2.468690 1.072536 0.218019
v -2.492794 0.424189 0.228091
v -2.492794 1.072536 0.228091
v -2.516136 0.424189 0.104490
v -2.516136 1.072536 0.104490
v -2.540240 0.424189 0.114563
v -2.540240 1.072536 0.114563
v -2.526210 0.424189 0.080386
v -2.526210 1.072536 0.080386
v -2.550314 0.424189 0.090459
v -2.550314 1.072536 0.090459
v -2.573656 0.424189 -0.033143
v -2.573656 1.072536 -0.033143
v -2.597760 0.424189 -0.023070
v -2.597760 1.072536 -0.023070
v -2.583730 0.424189 -0.057247
v -2.583730 1.072536 -0.057247
v -2.607834 0.424189 -0.047174
v -2.607834 1.072536 -0.047174
v -2.631176 0.424189 -0.170776
v -2.631176 1.072536 -0.170776
v -2.655281 0.424189 -0.160704
v -2.655281 1.072536 -0.160704
v -2.641250 0.424189 -0.194880
v -2.641250 1.072536 -0.194880
v -2.665354 0.424189 -0.184807
v -2.665354 1.072536 -0.184807
v -2.688696 0.424189 -0.308409
v -2.688696 1.072536 -0.308409
v -2.712801 0.424189 -0.298336
v -2.712801 1.072536 -0.298336
v -2.698770 0.424189 -0.332513
v -2.698770 1.072536 -0.332513
v -2.722874 0.424189 -0.322440
v -2.722874 1.072536 -0.322440
v -2.746216 0.424189 -0.446042
v -2.746216 1.072536 -0.446042
v -2.770320 0.424189 -0.435969
v -2.770320 1.072536 -0.435969
v -2.756290 0.424189 -0.470146
v -2.756290 1.072536 -0.470146
v -2.780394 0.424189 -0.460073
v -2.780394 1.072536 -0.460073
v -2.803736 0.424189 -0.583674
v -2.803736 1.072536 -0.583674
v -2.827840 0.424189 -0.573602
v -2.827840 1.072536 -0.573602
v -2.813810 0.424189 -0.607779
v -2.813810 1.072536 -0.607779
v -2.837914 0.424189 -0.597706
v -2.837914 1.072536 -0.597706
v -2.861257 0.424189 -0.721308
v -2.861257 1.072536 -0.721308
v -2.885361 0.424189 -0.711235
v -2.885361 1.072536 -0.711235
v -2.871330 0.424189 -0.745412
v -2.871330 1.072536 -0.745412
v -2.895434 0.424189 -0.735339
v -2.895434 1.072536 -0.735339
v -2.918777 0.424189 -0.858941
v -2.918777 1.072536 -0.858941
v -2.942881 0.424189 -0.848868
v -2.942881 1.072536 -0.848868
v -2.928850 0.424189 -0.883045
v -2.928850 1.072536 -0.883045
v -2.952954 0.424189 -0.872972
v -2.952954 1.072536 -0.872972
v -2.976296 0.424189 -0.996573
v -2.976296 1.072536 -0.996573
v -3.000401 0.424189 -0.986501
v -3.000401 1.072536 -0.986501
v -2.986370 0.424189 -1.020678
v -2.986370 1.072536 -1.020678
v -3.010474 0.424189 -1.010605
v -3.010474 1.072536 -1.010605
v -3.033816 0.424189 -1.134207
v -3.033816 1.072536 -1.134207
v -3.057920 0.424189 -1.124134
v -3.057920 1.072536 -1.124134
v -3.043890 0.424189 -1.158311
v -3.043890 1.072536 -1.158311
v -3.067994 0.424189 -1.148238
v -3.067994 1.072536 -1.148238
v -3.091336 0.424189 -1.271840
v -3.091336 1.072536 -1.271840
v -3.115440 0.424189 -1.261767
v -3.115440 1.072536 -1.261767
v -3.101410 0.424189 -1.295944
v -3.101410 1.072536 -1.295944
v -3.125514 0.424189 -1.285872
v -3.125514 1.072536 -1.285872
v -3.148857 0.424189 -1.409472
v -3.148857 1.072536 -1.409472
v -3.172961 0.424189 -1.399400
v -3.172961 1.072536 -1.399400
v -3.158930 0.424189 -1.433577
v -3.158930 1.072536 -1.433577
v -3.183034 0.424189 -1.423504
v -3.183034 1.072536 -1.423504
v -3.206377 0.424189 -1.547106
v -3.206377 1.072536 -1.547106
v -3.230481 0.424189 -1.537033
v -3.230481 1.072536 -1.537033
v -3.216450 0.424189 -1.571210
v -3.216450 1.072536 -1.571210
v -3.240554 0.424189 -1.561137
v -3.240554 1.072536 -1.561137
v -3.263896 0.424189 -1.684739
v -3.263896 1.072536 -1.684739
v -3.288001 0.424189 -1.674666
v -3.288001 1.072536 -1.674666
v -3.273970 0.424189 -1.708842
v -3.273970 1.072536 -1.708842
v -3.298074 0.424189 -1.698770
v -3.298074 1.072536 -1.698770
v -3.321416 0.424189 -1.822371
v -3.321416 1.072536 -1.822371
v -3.345520 0.424189 -1.812299
v -3.345520 1.072536 -1.812299
v -3.331490 0.424189 -1.846476
v -3.331490 1.072536 -1.846476
v -3.355594 0.424189 -1.836403
v -3.355594 1.072536 -1.836403
v -3.378936 0.424189 -1.960005
v -3.378936 1.072536 -1.960005
v -3.403040 0.424189 -1.949932
v -3.403040 1.072536 -1.949932
v -3.389010 0.424189 -1.984109
v -3.389010 1.072536 -1.984109
v -3.413114 0.424189 -1.974036
v -3.413114 1.072536 -1.974036
v -3.436457 0.424189 -2.097637
v -3.436457 1.072536 -2.097637
v -3.460561 0.424189 -2.087564
v -3.460561 1.072536 -2.087564
v -3.446530 0.424189 -2.121741
v -3.446530 1.072536 -2.121741
v -3.470634 0.424189 -2.111669
v -3.470634 1.072536 -2.111669
v -3.493977 0.424189 -2.235271
v -3.493977 1.072536 -2.235271
v -3.518081 0.424189 -2.225198
v -3.518081 1.072536 -2.225198
v -3.504050 0.424189 -2.259375
v -3.504050 1.072536 -2.259375
v -3.528154 0.424189 -2.249302
v -3.528154 1.072536 -2.249302
v -3.551497 0.424189 -2.372904
v -3.551497 1.072536 -2.372904
v -3.575601 0.424189 -2.362831
v -3.575601 1.072536 -2.362831
v -3.561570 0.424189 -2.397008
v -3.561570 1.072536 -2.397008
v -3.585674 0.424189 -2.386935
v -3.585674 1.072536 -2.386935
v -3.609016 0.424189 -2.510536
v -3.609016 1.072536 -2.510536
v -3.633121 0.424189 -2.500463
v -3.633121 1.072536 -2.500463
v -3.619090 0.424189 -2.534640
v -3.619090 1.072536 -2.534640
v -3.643194 0.424189 -2.524568
v -3.643194 1.072536 -2.524568
v -3.666537 0.424189 -2.648170
v -3.666537 1.072536 -2.648170
v -3.690641 0.424189 -2.638097
v -3.690641 1.072536 -2.638097
v -3.676610 0.424189 -2.672274
v -3.676610 1.072536 -2.672274
v -3.700714 0.424189 -2.662201
v -3.700714 1.072536 -2.662201
v -3.724057 0.424189 -2.785803
v -3.724057 1.072536 -2.785803
v -3.748161 0.424189 -2.775730
v -3.748161 1.072536 -2.775730
v -3.734130 0.424189 -2.809907
v -3.734130 1.072536 -2.809907
v -3.758235 0.424189 -2.799834
v -3.758235 1.072536 -2.799834
v -3.781577 0.424189 -2.923435
v -3.781577 1.072536 -2.923435
v -3.805681 0.424189 -2.913363
v -3.805681 1.072536 -2.913363
v -3.791650 0.424189 -2.947539
v -3.791650 1.072536 -2.947539
v -3.815754 0.424189 -2.937467
v -3.815754 1.072536 -2.937467
v -3.839097 0.424189 -3.061069
v -3.839097 1.072536 -3.061069
v -3.863201 0.424189 -3.050996
v -3.863201 1.072536 -3.050996
v -3.849170 0.424189 -3.085173
v -3.849170 1.072536 -3.085173
v -3.873274 0.424189 -3.075100
v -3.873274 1.072536 -3.075100
v -3.896616 0.424189 -3.198702
v -3.896616 1.072536 -3.198702
v -3.920721 0.424189 -3.188629
v -3.920721 1.072536 -3.188629
v -3.906690 0.424189 -3.222805
v -3.906690 1.072536 -3.222805
v -3.930794 0.424189 -3.212732
v -3.930794 1.072536 -3.212732
v -3.954137 0.424189 -3.336336
v -3.954137 1.072536 -3.336336
v -3.978241 0.424189 -3.326262
v -3.978241 1.072536 -3.326262
v -3.964211 0.424189 -3.360439
v -3.964211 1.072536 -3.360439
v -3.988315 0.424189 -3.350365
v -3.988315 1.072536 -3.350365
v -4.011657 0.424189 -3.473969
v -4.011657 1.072536 -3.473969
v -4.035761 0.424189 -3.463894
v -4.035761 1.072536 -3.463894
v -4.021730 0.424189 -3.498072
v -4.021730 1.072536 -3.498072
v -4.045835 0.424189 -3.487997
v -4.045835 1.072536 -3.487997
v -4.069177 0.424189 -3.611601
v -4.069177 1.072536 -3.611601
v -4.093281 0.424189 -3.601526
v -4.093281 1.072536 -3.601526
v -4.079250 0.424189 -3.635706
v -4.079250 1.072536 -3.635706
v -4.103354 0.424189 -3.625631
v -4.103354 1.072536 -3.625631
v -4.126697 0.424189 -3.749235
v -4.126697 1.072536 -3.749235
v -4.150801 0.424189 -3.739161
v -4.150801 1.072536 -3.739161
v -4.136770 0.424189 -3.773338
v -4.136770 1.072536 -3.773338
v -4.160874 0.424189 -3.763264
v -4.160874 1.072536 -3.763264
v -4.184216 0.424189 -3.886868
v -4.184216 1.072536 -3.886868
v -4.208321 0.424189 -3.876793
v -4.208321 1.072536 -3.876793
v -4.194290 0.424189 -3.910971
v -4.194290 1.072536 -3.910971
v -4.218394 0.424189 -3.900896
v -4.218394 1.072536 -3.900896
v -4.241737 0.424189 -4.024500
v -4.241737 1.072536 -4.024500
v -4.265841 0.424189 -4.014425
v -4.265841 1.072536 -4.014425
v -4.251811 0.424189 -4.048605
v -4.251811 1.072536 -4.048605
v -4.275915 0.424189 -4.038530
v -4.275915 1.072536 -4.038530
v -4.299257 0.424189 -4.162134
v -4.299257 1.072536 -4.162134
v -4.323361 0.424189 -4.152060
v -4.323361 1.072536 -4.152060
v -4.309330 0.424189 -4.186237
v -4.309330 1.072536 -4.186237
v -4.333435 0.424189 -4.176163
v -4.333435 1.072536 -4.176163
v -4.356777 0.424189 -4.299767
v -4.356777 1.072536 -4.299767
v -4.380881 0.424189 -4.289692
v -4.380881 1.072536 -4.289692
v -4.366850 0.424189 -4.323870
v -4.366850 1.072536 -4.323870
v -4.390954 0.424189 -4.313795
v -4.390954 1.072536 -4.313795
v -4.414297 0.424189 -4.437399
v -4.414297 1.072536 -4.437399
v -4.438401 0.424189 -4.427324
v -4.438401 1.072536 -4.427324
v -4.424370 0.424189 -4.461504
v -4.424370 1.072536 -4.461504
v -4.448474 0.424189 -4.451429
v -4.448474 1.072536 -4.451429
v -4.471817 0.424189 -4.575031
v -4.471817 1.072536 -4.575031
v -4.495921 0.424189 -4.564957
v -4.495921 1.072536 -4.564957
v -4.481890 0.424189 -4.599136
v -4.481890 1.072536 -4.599136
v -4.505994 0.424189 -4.589062
v -4.505994 1.072536 -4.589062
v -4.529337 0.424189 -4.712666
v -4.529337 1.072536 -4.712666
v -4.553441 0.424189 -4.702591
v -4.553441 1.072536 -4.702591
v -4.539411 0.424189 -4.736769
v -4.539411 1.072536 -4.736769
v -4.563515 0.424189 -4.726694
v -4.563515 1.072536 -4.726694
v -4.586857 0.424189 -4.850298
v -4.586857 1.072536 -4.850298
v -4.610961 0.424189 -4.840223
v -4.610961 1.072536 -4.840223
v -4.596931 0.424189 -4.874403
v -4.596931 1.072536 -4.874403
v -4.621035 0.424189 -4.864328
v -4.621035 1.072536 -4.864328
v -4.644377 0.424189 -4.987930
v -4.644377 1.072536 -4.987930
v -4.668481 0.424189 -4.977856
v -4.668481 1.072536 -4.977856
v -4.654450 0.424189 -5.012035
v -4.654450 1.072536 -5.012035
v -4.678555 0.424189 -5.001961
v -4.678555 1.072536 -5.001961
v -4.701897 0.424189 -5.125565
v -4.701897 1.072536 -5.125565
v -4.726001 0.424189 -5.115490
v -4.726001 1.072536 -5.115490
v -4.711970 0.424189 -5.149668
v -4.711970 1.072536 -5.149668
v -4.736074 0.424189 -5.139593
v -4.736074 1.072536 -5.139593
v -4.759417 0.424189 -5.263197
v -4.759417 1.072536 -5.263197
v -4.783521 0.424189 -5.253122
v -4.783521 1.072536 -5.253122
v -4.769491 0.424189 -5.287300
v -4.769491 1.072536 -5.287300
v -4.793595 0.424189 -5.277225
v -4.793595 1.072536 -5.277225
v -4.816937 0.424189 -5.400829
v -4.816937 1.072536 -5.400829
v -4.841041 0.424189 -5.390755
v -4.841041 1.072536 -5.390755
v -4.827011 0.424189 -5.424934
v -4.827011 1.072536 -5.424934
v -4.851115 0.424189 -5.414860
v -4.851115 1.072536 -5.414860
v -4.874457 0.424189 -5.538464
v -4.874457 1.072536 -5.538464
v -4.898561 0.424189 -5.528389
v -4.898561 1.072536 -5.528389
v -4.884531 0.424189 -5.562567
v -4.884531 1.072536 -5.562567
v -4.908635 0.424189 -5.552492
v -4.908635 1.072536 -5.552492
v -4.931977 0.424189 -5.676096
v -4.931977 1.072536 -5.676096
v -4.956081 0.424189 -5.666021
v -4.956081 1.072536 -5.666021
v -4.942050 0.424189 -5.700199
v -4.942050 1.072536 -5.700199
v -4.966155 0.424189 -5.690125
v -4.966155 1.072536 -5.690125
v -4.989497 0.424189 -5.813728
v -4.989497 1.072536 -5.813728
v -5.013601 0.424189 -5.803654
v -5.013601 1.072536 -5.803654
v -4.999570 0.424189 -5.837833
v -4.999570 1.072536 -5.837833
v -5.023674 0.424189 -5.827759
v -5.023674 1.072536 -5.827759
v -5.047017 0.424189 -5.951363
v -5.047017 1.072536 -5.951363
v -5.071121 0.424189 -5.941288
v -5.071121 1.072536 -5.941288
v -5.057091 0.424189 -5.975466
v -5.057091 1.072536 -5.975466
v -5.081195 0.424189 -5.965391
v -5.081195 1.072536 -5.965391
v -5.104537 0.424189 -6.088995
v -5.104537 1.072536 -6.088995
v -5.128641 0.424189 -6.078920
v -5.128641 1.072536 -6.078920
v -5.114611 0.424189 -6.113098
v -5.114611 1.072536 -6.113098
v -5.138715 0.424189 -6.103024
v -5.138715 1.072536 -6.103024
v -5.162057 0.424189 -6.226627
v -5.162057 1.072536 -6.226627
v -5.186161 0.424189 -6.216553
v -5.186161 1.072536 -6.216553
v -5.172131 0.424189 -6.250732
v -5.172131 1.072536 -6.250732
v -5.196235 0.424189 -6.240658
v -5.196235 1.072536 -6.240658
v -5.219577 0.424189 -6.364262
v -5.219577 1.072536 -6.364262
v -5.243681 0.424189 -6.354187
v -5.243681 1.072536 -6.354187
v -5.229651 0.424189 -6.388365
v -5.229651 1.072536 -6.388365
v -5.253755 0.424189 -6.378290
v -5.253755 1.072536 -6.378290
v -5.277098 0.424189 -6.501894
v -5.277098 1.072536 -6.501894
v -5.301201 0.424189 -6.491819
v -5.301201 1.072536 -6.491819
v -5.287171 0.424189 -6.525997
v -5.287171 1.072536 -6.525997
v -5.311275 0.424189 -6.515923
v -5.311275 1.072536 -6.515923
v -5.334618 0.424189 -6.639526
v -5.334618 1.072536 -6.639526
v -5.358721 0.424189 -6.629452
v -5.358721 1.072536 -6.629452
v -5.344691 0.424189 -6.663631
v -5.344691 1.072536 -6.663631
v -5.368794 0.424189 -6.653557
v -5.368794 1.072536 -6.653557
v -5.392138 0.424189 -6.777161
v -5.392138 1.072536 -6.777161
v -5.416241 0.424189 -6.767086
v -5.416241 1.072536 -6.767086
v -5.402211 0.424189 -6.801264
v -5.402211 1.072536 -6.801264
v -5.426314 0.424189 -6.791189
v -5.426314 1.072536 -6.791189
v -5.449657 0.424189 -6.914793
v -5.449657 1.072536 -6.914793
v -5.473761 0.424189 -6.904718
v -5.473761 1.072536 -6.904718
v -5.459731 0.424189 -6.938896
v -5.459731 1.072536 -6.938896
v -5.483834 0.424189 -6.928822
v -5.483834 1.072536 -6.928822
v -5.507177 0.424189 -7.052425
v -5.507177 1.072536 -7.052425
v -5.531281 0.424189 -7.042351
v -5.531281 1.072536 -7.042351
v -5.517251 0.424189 -7.076529
v -5.517251 1.072536 -7.076529
v -5.541354 0.424189 -7.066454
v -5.541354 1.072536 -7.066454
v -5.564698 0.424189 -7.190060
v -5.564698 1.072536 -7.190060
v -5.588801 0.424189 -7.179985
v -5.588801 1.072536 -7.179985
v -5.574771 0.424189 -7.214163
v -5.574771 1.072536 -7.214163
v -5.598874 0.424189 -7.204088
v -5.598874 1.072536 -7.204088
v -5.622217 0.424189 -7.327692
v -5.622217 1.072536 -7.327692
v -5.646320 0.424189 -7.317617
v -5.646320 1.072536 -7.317617
v -5.632291 0.424189 -7.351795
v -5.632291 1.072536 -7.351795
v -5.656394 0.424189 -7.341721
v -5.656394 1.072536 -7.341721
v -5.679738 0.424189 -7.465326
v -5.679738 1.072536 -7.465326
v -5.703841 0.424189 -7.455252
v -5.703841 1.072536 -7.455252
v -5.689811 0.424189 -7.489429
v -5.689811 1.072536 -7.489429
v -5.713914 0.424189 -7.479355
v -5.713914 1.072536 -7.479355
v -5.737258 0.424189 -7.602957
v -5.737258 1.072536 -7.602957
v -5.761361 0.424189 -7.592882
v -5.761361 1.072536 -7.592882
v -5.747331 0.424189 -7.627060
v -5.747331 1.072536 -7.627060
v -5.771434 0.424189 -7.616985
v -5.771434 1.072536 -7.616985
v -5.794778 0.424189 -7.740591
v -5.794778 1.072536 -7.740591
v -5.818881 0.424189 -7.730516
v -5.818881 1.072536 -7.730516
v -5.804852 0.424189 -7.764694
v -5.804852 1.072536 -7.764694
v -5.828955 0.424189 -7.754620
v -5.828955 1.072536 -7.754620
v -5.852298 0.424189 -7.878223
v -5.852298 1.072536 -7.878223
v -5.876401 0.424189 -7.868149
v -5.876401 1.072536 -7.868149
v -5.862370 0.424189 -7.902327
v -5.862370 1.072536 -7.902327
v -5.886474 0.424189 -7.892252
v -5.886474 1.072536 -7.892252
v -5.909818 0.424189 -8.015858
v -5.909818 1.072536 -8.015858
v -5.933921 0.424189 -8.005783
v -5.933921 1.072536 -8.005783
v -5.919891 0.424189 -8.039961
v -5.919891 1.072536 -8.039961
v -5.943995 0.424189 -8.029886
v -5.943995 1.072536 -8.029886
v -5.967338 0.424189 -8.153490
v -5.967338 1.072536 -8.153490
v -5.991441 0.424189 -8.143415
v -5.991441 1.072536 -8.143415
v -5.977411 0.424189 -8.177593
v -5.977411 1.072536 -8.177593
v -6.001514 0.424189 -8.167519
v -6.001514 1.072536 -8.167519
v -6.024858 0.424189 -8.291124
v -6.024858 1.072536 -8.291124
v -6.048962 0.424189 -8.281050
v -6.048962 1.072536 -8.281050
v -6.034931 0.424189 -8.315226
v -6.034931 1.072536 -8.315226
v -6.059034 0.424189 -8.305151
v -6.059034 1.072536 -8.305151
v -6.082377 0.424189 -8.428755
v -6.082377 1.072536 -8.428755
v -6.106481 0.424189 -8.418680
v -6.106481 1.072536 -8.418680
v -6.092451 0.424189 -8.452858
v -6.092451 1.072536 -8.452858
v -6.116554 0.424189 -8.442783
v -6.116554 1.072536 -8.442783
v -6.139898 0.424189 -8.566389
v -6.139898 1.072536 -8.566389
v -6.164001 0.424189 -8.556314
v -6.164001 1.072536 -8.556314
v -6.149971 0.424189 -8.590492
v -6.149971 1.072536 -8.590492
v -6.174074 0.424189 -8.580418
v -6.174074 1.072536 -8.580418
v -6.197417 0.424189 -8.704021
v -6.197417 1.072536 -8.704021
v -6.221520 0.424189 -8.693947
v -6.221520 1.072536 -8.693947
v -6.207491 0.424189 -8.728125
v -6.207491 1.072536 -8.728125
v -6.231594 0.424189 -8.718050
v -6.231594 1.072536 -8.718050
v -6.254938 0.424189 -8.841656
v -6.254938 1.072536 -8.841656
v -6.279041 0.424189 -8.831581
v -6.279041 1.072536 -8.831581
v -6.265012 0.424189 -8.865759
v -6.265012 1.072536 -8.865759
v -6.289115 0.424189 -8.855684
v -6.289115 1.072536 -8.855684
v -6.312458 0.424189 -8.979288
v -6.312458 1.072536 -8.979288
v -6.336561 0.424189 -8.969213
v -6.336561 1.072536 -8.969213
v -6.322531 0.424189 -9.003389
v -6.322531 1.072536 -9.003389
v -6.346634 0.424189 -8.993315
v -6.346634 1.072536 -8.993315
v -6.369978 0.424189 -9.116922
v -6.369978 1.072536 -9.116922
v -6.394081 0.424189 -9.106848
v -6.394081 1.072536 -9.106848
v -6.380052 0.424189 -9.141024
v -6.380052 1.072536 -9.141024
v -6.404155 0.424189 -9.130949
v -6.404155 1.072536 -9.130949
v -6.427498 0.424189 -9.254553
v -6.427498 1.072536 -9.254553
v -6.451601 0.424189 -9.244478
v -6.451601 1.072536 -9.244478
v -6.437571 0.424189 -9.278656
v -6.437571 1.072536 -9.278656
v -6.461674 0.424189 -9.268581
v -6.461674 1.072536 -9.268581
v -6.485019 0.424189 -9.392187
v -6.485019 1.072536 -9.392187
v -6.509122 0.424189 -9.382113
v -6.509122 1.072536 -9.382113
v -6.495091 0.424189 -9.416290
v -6.495091 1.072536 -9.416290
v -6.519195 0.424189 -9.406216
v -6.519195 1.072536 -9.406216
v -6.542538 0.424189 -9.529819
v -6.542538 1.072536 -9.529819
v -6.566641 0.424189 -9.519745
v -6.566641 1.072536 -9.519745
v -6.552611 0.424189 -9.553923
v -6.552611 1.072536 -9.553923
v -6.576715 0.424189 -9.543848
v -6.576715 1.072536 -9.543848
v -6.600059 0.424189 -9.667454
v -6.600059 1.072536 -9.667454
v -6.624162 0.424189 -9.657379
v -6.624162 1.072536 -9.657379
v -6.610131 0.424189 -9.691557
v -6.610131 1.072536 -9.691557
v -6.634234 0.424189 -9.681482
v -6.634234 1.072536 -9.681482
v -6.657578 0.424189 -9.805086
v -6.657578 1.072536 -9.805086
v -6.681681 0.424189 -9.795012
v -6.681681 1.072536 -9.795012
v -6.667651 0.424189 -9.829187
v -6.667651 1.072536 -9.829187
v -6.691754 0.424189 -9.819113
v -6.691754 1.072536 -9.819113
v -6.715098 0.424189 -9.942719
v -6.715098 1.072536 -9.942719
v -6.739202 0.424189 -9.932644
v -6.739202 1.072536 -9.932644
v -6.725171 0.424189 -9.966822
v -6.725171 1.072536 -9.966822
v -6.749274 0.424189 -9.956747
v -6.749274 1.072536 -9.956747
v -6.772618 0.424189 -10.080351
v -6.772618 1.072536 -10.080351
v -6.796721 0.424189 -10.070276
v -6.796721 1.072536 -10.070276
v -6.782691 0.424189 -10.104454
v -6.782691 1.072536 -10.104454
v -6.806794 0.424189 -10.094379
v -6.806794 1.072536 -10.094379
v -6.830138 0.424189 -10.217985
v -6.830138 1.072536 -10.217985
v -6.854241 0.424189 -10.207911
v -6.854241 1.072536 -10.207911
v -6.840212 0.424189 -10.242088
v -6.840212 1.072536 -10.242088
v -6.864315 0.424189 -10.232014
v -6.864315 1.072536 -10.232014
v -6.887658 0.424189 -10.355618
v -6.887658 1.072536 -10.355618
v -6.911761 0.424189 -10.345543
v -6.911761 1.072536 -10.345543
v -6.897731 0.424189 -10.379721
v -6.897731 1.072536 -10.379721
v -6.921834 0.424189 -10.369646
v -6.921834 1.072536 -10.369646
v -6.945178 0.424189 -10.493252
v -6.945178 1.072536 -10.493252
v -6.969281 0.424189 -10.483177
v -6.969281 1.072536 -10.483177
v -6.955252 0.424189 -10.517355
v -6.955252 1.072536 -10.517355
v -6.979355 0.424189 -10.507280
v -6.979355 1.072536 -10.507280
v -7.002698 0.424189 -10.630882
v -7.002698 1.072536 -10.630882
v -7.026801 0.424189 -10.620808
v -7.026801 1.072536 -10.620808
v -7.012771 0.424189 -10.654985
v -7.012771 1.072536 -10.654985
v -7.036874 0.424189 -10.644911
v -7.036874 1.072536 -10.644911
v -7.060219 0.424189 -10.768517
v -7.060219 1.072536 -10.768517
v -7.084322 0.424189 -10.758442
v -7.084322 1.072536 -10.758442
v -7.070292 0.424189 -10.792620
v -7.070292 1.072536 -10.792620
v -7.094395 0.424189 -10.782545
v -7.094395 1.072536 -10.782545
v -7.117738 0.424189 -10.906149
v -7.117738 1.072536 -10.906149
v -7.141841 0.424189 -10.896074
v -7.141841 1.072536 -10.896074
v -7.127811 0.424189 -10.930252
v -7.127811 1.072536 -10.930252
v -7.151915 0.424189 -10.920177
v -7.151915 1.072536 -10.920177
v -7.175259 0.424189 -11.043783
v -7.175259 1.072536 -11.043783
v -7.199362 0.424189 -11.033709
v -7.199362 1.072536 -11.033709
v -7.185331 0.424189 -11.067886
v -7.185331 1.072536 -11.067886
v -7.209435 0.424189 -11.057812
v -7.209435 1.072536 -11.057812
v -7.232778 0.424189 -11.181416
v -7.232778 1.072536 -11.181416
v -7.256881 0.424189 -11.171341
v -7.256881 1.072536 -11.171341
v -7.242851 0.424189 -11.205519
v -7.242851 1.072536 -11.205519
v -7.266954 0.424189 -11.195444
v -7.266954 1.072536 -11.195444
v -7.290298 0.424189 -11.319050
v -7.290298 1.072536 -11.319050
v -7.314402 0.424189 -11.308975
v -7.314402 1.072536 -11.308975
v -7.300371 0.424189 -11.343153
v -7.300371 1.072536 -11.343153
v -7.324474 0.424189 -11.333078
v -7.324474 1.072536 -11.333078
v -7.347818 0.424189 -11.456680
v -7.347818 1.072536 -11.456680
v -7.371922 0.424189 -11.446606
v -7.371922 1.072536 -11.446606
v -7.357891 0.424189 -11.480783
v -7.357891 1.072536 -11.480783
v -7.381994 0.424189 -11.470709
v -7.381994 1.072536 -11.470709
v -7.405338 0.424189 -11.594315
v -7.405338 1.072536 -11.594315
v -7.429441 0.424189 -11.584240
v -7.429441 1.072536 -11.584240
v -7.415412 0.424189 -11.618418
v -7.415412 1.072536 -11.618418
v -7.439515 0.424189 -11.608343
v -7.439515 1.072536 -11.608343
v -7.462858 0.424189 -11.731947
v -7.462858 1.072536 -11.731947
v -7.486961 0.424189 -11.721872
v -7.486961 1.072536 -11.721872
v -7.472931 0.424189 -11.756050
v -7.472931 1.072536 -11.756050
v -7.497034 0.424189 -11.745975
v -7.497034 1.072536 -11.745975
v -7.520378 0.424189 -11.869581
v -7.520378 1.072536 -11.869581
v -7.544481 0.424189 -11.859507
v -7.544481 1.072536 -11.859507
v -7.530452 0.424189 -11.893684
v -7.530452 1.072536 -11.893684
v -7.554555 0.424189 -11.883610
v -7.554555 1.072536 -11.883610
v -7.577898 0.424189 -12.007214
v -7.577898 1.072536 -12.007214
v -7.602001 0.424189 -11.997139
v -7.602001 1.072536 -11.997139
v -7.587972 0.424189 -12.031315
v -7.587972 1.072536 -12.031315
v -7.612075 0.424189 -12.021240
v -7.612075 1.072536 -12.021240
v -7.635419 0.424189 -12.144848
v -7.635419 1.072536 -12.144848
v -7.659522 0.424189 -12.134773
v -7.659522 1.072536 -12.134773
v -7.645492 0.424189 -12.168949
v -7.645492 1.072536 -12.168949
v -7.669595 0.424189 -12.158875
v -7.669595 1.072536 -12.158875
v -7.692938 0.424189 -12.282478
v -7.692938 1.072536 -12.282478
v -7.717041 0.424189 -12.272404
v -7.717041 1.072536 -12.272404
v -7.703012 0.424189 -12.306581
v -7.703012 1.072536 -12.306581
v -7.727115 0.424189 -12.296507
v -7.727115 1.072536 -12.296507
v -7.750459 0.424189 -12.420113
v -7.750459 1.072536 -12.420113
v -7.774562 0.424189 -12.410038
v -7.774562 1.072536 -12.410038
v -7.760531 0.424189 -12.444216
v -7.760531 1.072536 -12.444216
v -7.784635 0.424189 -12.434141
v -7.784635 1.072536 -12.434141
v -7.807978 0.424189 -12.557745
v -7.807978 1.072536 -12.557745
v -7.832081 0.424189 -12.547670
v -7.832081 1.072536 -12.547670
v -7.818051 0.424189 -12.581848
v -7.818051 1.072536 -12.581848
v -7.842155 0.424189 -12.571774
v -7.842155 1.072536 -12.571774
v -7.865499 0.424189 -12.695379
v -7.865499 1.072536 -12.695379
v -7.889602 0.424189 -12.685305
v -7.889602 1.072536 -12.685305
v -7.875572 0.424189 -12.719482
v -7.875572 1.072536 -12.719482
v -7.899675 0.424189 -12.709408
v -7.899675 1.072536 -12.709408
v -7.923018 0.424189 -12.833012
v -7.923018 1.072536 -12.833012
v -7.947122 0.424189 -12.822937
v -7.947122 1.072536 -12.822937
v -7.933091 0.424189 -12.857113
v -7.933091 1.072536 -12.857113
v -7.957194 0.424189 -12.847038
v -7.957194 1.072536 -12.847038
v -7.980538 0.424189 -12.970644
v -7.980538 1.072536 -12.970644
v -8.004642 0.424189 -12.960569
v -8.004642 1.072536 -12.960569
v -7.990612 0.424189 -12.994747
v -7.990612 1.072536 -12.994747
v -8.014715 0.424189 -12.984673
v -8.014715 1.072536 -12.984673
v -8.038058 0.424189 -13.108276
v -8.038058 1.072536 -13.108276
v -8.062161 0.424189 -13.098202
v -8.062161 1.072536 -13.098202
v -8.048131 0.424189 -13.132380
v -8.048131 1.072536 -13.132380
v -8.072234 0.424189 -13.122305
v -8.072234 1.072536 -13.122305
v -8.095579 0.424189 -13.245911
v -8.095579 1.072536 -13.245911
v -8.119682 0.424189 -13.235836
v -8.119682 1.072536 -13.235836
v -8.105652 0.424189 -13.270014
v -8.105652 1.072536 -13.270014
v -8.129755 0.424189 -13.259939
v -8.129755 1.072536 -13.259939
v -8.153098 0.424189 -13.383543
v -8.153098 1.072536 -13.383543
v -8.177201 0.424189 -13.373468
v -8.177201 1.072536 -13.373468
v -8.163172 0.424189 -13.407646
v -8.163172 1.072536 -13.407646
v -8.187275 0.424189 -13.397572
v -8.187275 1.072536 -13.397572
v -8.210619 0.424189 -13.521177
v -8.210619 1.072536 -13.521177
v -8.234722 0.424189 -13.511103
v -8.234722 1.072536 -13.511103
v -8.220692 0.424189 -13.545280
v -8.220692 1.072536 -13.545280
v -8.244795 0.424189 -13.535206
v -8.244795 1.072536 -13.535206
v -8.268138 0.424189 -13.658808
v -8.268138 1.072536 -13.658808
v -8.292241 0.424189 -13.648733
v -8.292241 1.072536 -13.648733
v -8.278212 0.424189 -13.682911
v -8.278212 1.072536 -13.682911
v -8.302315 0.424189 -13.672836
v -8.302315 1.072536 -13.672836
v -8.325659 0.424189 -13.796442
v -8.325659 1.072536 -13.796442
v -8.349762 0.424189 -13.786367
v -8.349762 1.072536 -13.786367
v -8.335732 0.424189 -13.820545
v -8.335732 1.072536 -13.820545
v -8.359835 0.424189 -13.810471
v -8.359835 1.072536 -13.810471
v -8.383179 0.424189 -13.934074
v -8.383179 1.072536 -13.934074
v -8.407282 0.424189 -13.924000
v -8.407282 1.072536 -13.924000
v -8.393251 0.424189 -13.958178
v -8.393251 1.072536 -13.958178
v -8.417355 0.424189 -13.948103
v -8.417355 1.072536 -13.948103
v -8.440699 0.424189 -14.071709
v -8.440699 1.072536 -14.071709
v -8.464802 0.424189 -14.061634
v -8.464802 1.072536 -14.061634
v -8.450772 0.424189 -14.095812
v -8.450772 1.072536 -14.095812
v -8.474875 0.424189 -14.085737
v -8.474875 1.072536 -14.085737
v -8.498219 0.424189 -14.209341
v -8.498219 1.072536 -14.209341
v -8.522322 0.424189 -14.199266
v -8.522322 1.072536 -14.199266
v -8.508291 0.424189 -14.233444
v -8.508291 1.072536 -14.233444
v -8.532394 0.424189 -14.223370
v -8.532394 1.072536 -14.223370
v -8.555738 0.424189 -14.346975
v -8.555738 1.072536 -14.346975
v -8.579842 0.424189 -14.336901
v -8.579842 1.072536 -14.336901
v -8.565812 0.424189 -14.371078
v -8.565812 1.072536 -14.371078
v -8.589915 0.424189 -14.361004
v -8.589915 1.072536 -14.361004
v -8.613258 0.424189 -14.484606
v -8.613258 1.072536 -14.484606
v -8.637362 0.424189 -14.474531
v -8.637362 1.072536 -14.474531
v -8.623331 0.424189 -14.508709
v -8.623331 1.072536 -14.508709
v -8.647434 0.424189 -14.498634
v -8.647434 1.072536 -14.498634
v -8.670779 0.424189 -14.622240
v -8.670779 1.072536 -14.622240
v -8.694882 0.424189 -14.612165
v -8.694882 1.072536 -14.612165
v -8.680852 0.424189 -14.646343
v -8.680852 1.072536 -14.646343
v -8.704955 0.424189 -14.636269
v -8.704955 1.072536 -14.636269
vn -0.3847 -0.0000 -0.9230
vn 0.9230 -0.0000 -0.3847
vn 0.3847 -0.0000 0.9230
vn -0.0000 -1.0000 -0.0000
vn -0.0000 1.0000 -0.0000
vn -0.9230 -0.0000 0.3847
vn 0.3890 -0.0000 0.9212
vn -0.9212 -0.0000 0.3891
vn 0.9212 -0.0000 -0.3891
vn -0.3892 -0.0000 -0.9212
vn -0.3891 -0.0000 -0.9212
vn 0.9232 -0.0000 -0.3843
vn 0.3856 -0.0000 0.9227
vn -0.9227 -0.0000 0.3856
vn -0.3856 -0.0000 -0.9227
vn 0.9227 -0.0000 -0.3856
vn 0.3856 -0.0000 0.9226
vn -0.3856 -0.0000 -0.9226
vn 0.3857 -0.0000 0.9226
vn -0.3857 -0.0000 -0.9226
vn -0.9226 -0.0000 0.3856
vn 0.9226 -0.0000 -0.3856
vt 0.625000 0.250000
vt 0.375000 0.250000
vt 0.625000 0.500000
vt 0.375000 0.500000
vt 0.625000 0.750000
vt 0.375000 0.750000
vt 0.625000 1.000000
vt 0.375000 1.000000
vt 0.125000 0.500000
vt 0.125000 0.750000
vt 0.875000 0.500000
vt 0.875000 0.750000
vt 0.375000 0.000000
vt 0.625000 0.000000
vt 0.625000 0.527462
vt 0.625000 0.722533
vt 0.837981 0.713363
vt 0.837981 0.536631
s 0
f 330/44/72 329/45/72 335/45/72 338/44/72
f 329/45/72 330/44/72 334/46/72 333/47/72
f 333/47/73 334/46/73 332/48/73 331/49/73
f 331/49/74 332/48/74 328/50/74 327/51/74
f 329/52/75 333/47/75 331/49/75 327/53/75
f 334/46/76 330/54/76 328/55/76 332/48/76
f 336/56/77 337/57/77 338/44/77 335/45/77
f 327/51/74 328/50/74 337/50/74 336/51/74
f 338/44/77 337/57/77 341/57/77 342/44/77
f 329/52/75 327/53/75 336/53/75 335/52/75
f 339/55/76 340/54/76 342/54/76 341/55/76
f 330/44/72 338/44/72 342/44/72 340/44/72
f 328/55/73 330/54/73 340/54/73 339/55/73
f 337/50/74 328/50/74 339/50/74 341/50/74
f 346/58/75 345/59/75 343/60/75 344/61/75
f 347/60/75 350/59/75 354/59/75 351/60/75
f 343/60/78 345/59/78 350/59/78 347/60/78
f 344/61/79 343/60/79 347/60/79 348/61/79
f 345/59/80 346/58/80 349/58/80 350/59/80
f 346/58/81 344/61/81 348/61/81 349/58/81
f 354/59/80 353/58/80 357/58/80 358/59/80
f 348/61/75 347/60/75 351/60/75 352/61/75
f 350/59/75 349/58/75 353/58/75 354/59/75
f 349/58/75 348/61/75 352/61/75 353/58/75
f 357/58/76 356/61/76 355/60/76 358/59/76
f 353/58/81 352/61/81 356/61/81 357/58/81
f 351/60/78 354/59/78 358/59/78 355/60/78
f 352/61/79 351/60/79 355/60/79 356/61/79
f 359/60/78 361/59/78 366/59/78 363/60/78
f 360/61/79 359/60/79 363/60/79 364/61/79
f 362/58/82 360/61/82 364/61/82 365/58/82
f 370/58/75 369/59/75 367/60/75 368/61/75
f 371/60/75 374/59/75 378/59/75 375/60/75
f 367/60/78 369/59/78 374/59/78 371/60/78
f 368/61/79 367/60/79 371/60/79 372/61/79
f 369/59/80 370/58/80 373/58/80 374/59/80
f 370/58/81 368/61/81 372/61/81 373/58/81
f 378/59/80 377/58/80 381/58/80 382/59/80
f 372/61/75 371/60/75 375/60/75 376/61/75
f 374/59/75 373/58/75 377/58/75 378/59/75
f 373/58/75 372/61/75 376/61/75 377/58/75
f 381/58/76 380/61/76 379/60/76 382/59/76
f 377/58/81 376/61/81 380/61/81 381/58/81
f 375/60/78 378/59/78 382/59/78 379/60/78
f 376/61/79 375/60/79 379/60/79 380/61/79
f 383/60/78 385/59/78 390/59/78 387/60/78
f 384/61/79 383/60/79 387/60/79 388/61/79
f 386/58/82 384/61/82 388/61/82 389/58/82
f 363/60/76 388/61/76 389/58/76 366/59/76
f 365/58/83 389/58/83 386/58/83 362/58/83
f 392/60/76 396/61/76 397/58/76 394/59/76
f 393/58/83 397/58/83 395/58/83 391/58/83
f 398/56/84 399/57/84 401/44/84 400/45/84
f 400/45/85 401/44/85 405/46/85 404/47/85
f 404/47/86 405/46/86 403/48/86 402/49/86
f 402/49/87 403/48/87 399/50/87 398/51/87
f 400/52/75 404/47/75 402/49/75 398/53/75
f 405/46/76 401/54/76 399/55/76 403/48/76
f 406/56/84 407/57/84 409/44/84 408/45/84
f 408/45/85 409/44/85 413/46/85 412/47/85
f 412/47/86 413/46/86 411/48/86 410/49/86
f 410/49/87 411/48/87 407/50/87 406/51/87
f 408/52/75 412/47/75 410/49/75 406/53/75
f 413/46/76 409/54/76 407/55/76 411/48/76
f 414/56/84 415/57/84 417/44/84 416/45/84
f 416/45/85 417/44/85 421/46/85 420/47/85
f 420/47/86 421/46/86 419/48/86 418/49/86
f 418/49/87 419/48/87 415/50/87 414/51/87
f 416/52/75 420/47/75 418/49/75 414/53/75
f 421/46/76 417/54/76 415/55/76 419/48/76
f 422/56/84 423/57/84 425/44/84 424/45/84
f 424/45/85 425/44/85 429/46/85 428/47/85
f 428/47/86 429/46/86 427/48/86 426/49/86
f 426/49/87 427/48/87 423/50/87 422/51/87
f 424/52/75 428/47/75 426/49/75 422/53/75
f 429/46/76 425/54/76 423/55/76 427/48/76
f 430/56/84 431/57/84 433/44/84 432/45/84
f 432/45/85 433/44/85 437/46/85 436/47/85
f 436/47/86 437/46/86 435/48/86 434/49/86
f 434/49/87 435/48/87 431/50/87 430/51/87
f 432/52/75 436/47/75 434/49/75 430/53/75
f 437/46/76 433/54/76 431/55/76 435/48/76
f 438/56/84 439/57/84 441/44/84 440/45/84
f 440/45/85 441/44/85 445/46/85 444/47/85
f 444/47/86 445/46/86 443/48/86 442/49/86
f 442/49/87 443/48/87 439/50/87 438/51/87
f 440/52/75 444/47/75 442/49/75 438/53/75
f 445/46/76 441/54/76 439/55/76 443/48/76
f 446/56/84 447/57/84 449/44/84 448/45/84
f 448/45/85 449/44/85 453/46/85 452/47/85
f 452/47/86 453/46/86 451/48/86 450/49/86
f 450/49/87 451/48/87 447/50/87 446/51/87
f 448/52/75 452/47/75 450/49/75 446/53/75
f 453/46/76 449/54/76 447/55/76 451/48/76
f 454/56/84 455/57/84 457/44/84 456/45/84
f 456/45/85 457/44/85 461/46/85 460/47/85
f 460/47/86 461/46/86 459/48/86 458/49/86
f 458/49/87 459/48/87 455/50/87 454/51/87
f 456/52/75 460/47/75 458/49/75 454/53/75
f 461/46/76 457/54/76 455/55/76 459/48/76
f 462/56/84 463/57/84 465/44/84 464/45/84
f 464/45/85 465/44/85 469/46/85 468/47/85
f 468/47/86 469/46/86 467/48/86 466/49/86
f 466/49/87 467/48/87 463/50/87 462/51/87
f 464/52/75 468/47/75 466/49/75 462/53/75
f 469/46/76 465/54/76 463/55/76 467/48/76
f 470/56/84 471/57/84 473/44/84 472/45/84
f 472/45/85 473/44/85 477/46/85 476/47/85
f 476/47/86 477/46/86 475/48/86 474/49/86
f 474/49/87 475/48/87 471/50/87 470/51/87
f 472/52/75 476/47/75 474/49/75 470/53/75
f 477/46/76 473/54/76 471/55/76 475/48/76
f 478/56/84 479/57/84 481/44/84 480/45/84
f 480/45/85 481/44/85 485/46/85 484/47/85
f 484/47/86 485/46/86 483/48/86 482/49/86
f 482/49/87 483/48/87 479/50/87 478/51/87
f 480/52/75 484/47/75 482/49/75 478/53/75
f 485/46/76 481/54/76 479/55/76 483/48/76
f 486/56/84 487/57/84 489/44/84 488/45/84
f 488/45/85 489/44/85 493/46/85 492/47/85
f 492/47/86 493/46/86 491/48/86 490/49/86
f 490/49/87 491/48/87 487/50/87 486/51/87
f 488/52/75 492/47/75 490/49/75 486/53/75
f 493/46/76 489/54/76 487/55/76 491/48/76
f 494/56/84 495/57/84 497/44/84 496/45/84
f 496/45/85 497/44/85 501/46/85 500/47/85
f 500/47/86 501/46/86 499/48/86 498/49/86
f 498/49/87 499/48/87 495/50/87 494/51/87
f 496/52/75 500/47/75 498/49/75 494/53/75
f 501/46/76 497/54/76 495/55/76 499/48/76
f 502/56/84 503/57/84 505/44/84 504/45/84
f 504/45/85 505/44/85 509/46/85 508/47/85
f 508/47/86 509/46/86 507/48/86 506/49/86
f 506/49/87 507/48/87 503/50/87 502/51/87
f 504/52/75 508/47/75 506/49/75 502/53/75
f 509/46/76 505/54/76 503/55/76 507/48/76
f 510/56/84 511/57/84 513/44/84 512/45/84
f 512/45/85 513/44/85 517/46/85 516/47/85
f 516/47/86 517/46/86 515/48/86 514/49/86
f 514/49/87 515/48/87 511/50/87 510/51/87
f 512/52/75 516/47/75 514/49/75 510/53/75
f 517/46/76 513/54/76 511/55/76 515/48/76
f 518/56/84 519/57/84 521/44/84 520/45/84
f 520/45/85 521/44/85 525/46/85 524/47/85
f 524/47/86 525/46/86 523/48/86 522/49/86
f 522/49/87 523/48/87 519/50/87 518/51/87
f 520/52/75 524/47/75 522/49/75 518/53/75
f 525/46/76 521/54/76 519/55/76 523/48/76
f 526/56/84 527/57/84 529/44/84 528/45/84
f 528/45/85 529/44/85 533/46/85 532/47/85
f 532/47/86 533/46/86 531/48/86 530/49/86
f 530/49/87 531/48/87 527/50/87 526/51/87
f 528/52/75 532/47/75 530/49/75 526/53/75
f 533/46/76 529/54/76 527/55/76 531/48/76
f 534/56/84 535/57/84 537/44/84 536/45/84
f 536/45/85 537/44/85 541/46/85 540/47/85
f 540/47/86 541/46/86 539/48/86 538/49/86
f 538/49/87 539/48/87 535/50/87 534/51/87
f 536/52/75 540/47/75 538/49/75 534/53/75
f 541/46/76 537/54/76 535/55/76 539/48/76
f 542/56/84 543/57/84 545/44/84 544/45/84
f 544/45/85 545/44/85 549/46/85 548/47/85
f 548/47/86 549/46/86 547/48/86 546/49/86
f 546/49/87 547/48/87 543/50/87 542/51/87
f 544/52/75 548/47/75 546/49/75 542/53/75
f 549/46/76 545/54/76 543/55/76 547/48/76
f 550/56/84 551/57/84 553/44/84 552/45/84
f 552/45/85 553/44/85 557/46/85 556/47/85
f 556/47/86 557/46/86 555/48/86 554/49/86
f 554/49/87 555/48/87 551/50/87 550/51/87
f 552/52/75 556/47/75 554/49/75 550/53/75
f 557/46/76 553/54/76 551/55/76 555/48/76
f 558/56/84 559/57/84 561/44/84 560/45/84
f 560/45/85 561/44/85 565/46/85 564/47/85
f 564/47/86 565/46/86 563/48/86 562/49/86
f 562/49/87 563/48/87 559/50/87 558/51/87
f 560/52/75 564/47/75 562/49/75 558/53/75
f 565/46/76 561/54/76 559/55/76 563/48/76
f 566/56/84 567/57/84 569/44/84 568/45/84
f 568/45/85 569/44/85 573/46/85 572/47/85
f 572/47/86 573/46/86 571/48/86 570/49/86
f 570/49/87 571/48/87 567/50/87 566/51/87
f 568/52/75 572/47/75 570/49/75 566/53/75
f 573/46/76 569/54/76 567/55/76 571/48/76
f 574/56/84 575/57/84 577/44/84 576/45/84
f 576/45/85 577/44/85 581/46/85 580/47/85
f 580/47/86 581/46/86 579/48/86 578/49/86
f 578/49/87 579/48/87 575/50/87 574/51/87
f 576/52/75 580/47/75 578/49/75 574/53/75
f 581/46/76 577/54/76 575/55/76 579/48/76
f 582/56/84 583/57/84 585/44/84 584/45/84
f 584/45/85 585/44/85 589/46/85 588/47/85
f 588/47/86 589/46/86 587/48/86 586/49/86
f 586/49/87 587/48/87 583/50/87 582/51/87
f 584/52/75 588/47/75 586/49/75 582/53/75
f 589/46/76 585/54/76 583/55/76 587/48/76
f 590/56/84 591/57/84 593/44/84 592/45/84
f 592/45/85 593/44/85 597/46/85 596/47/85
f 596/47/86 597/46/86 595/48/86 594/49/86
f 594/49/87 595/48/87 591/50/87 590/51/87
f 592/52/75 596/47/75 594/49/75 590/53/75
f 597/46/76 593/54/76 591/55/76 595/48/76
f 598/56/84 599/57/84 601/44/84 600/45/84
f 600/45/85 601/44/85 605/46/85 604/47/85
f 604/47/86 605/46/86 603/48/86 602/49/86
f 602/49/87 603/48/87 599/50/87 598/51/87
f 600/52/75 604/47/75 602/49/75 598/53/75
f 605/46/76 601/54/76 599/55/76 603/48/76
f 606/56/84 607/57/84 609/44/84 608/45/84
f 608/45/85 609/44/85 613/46/85 612/47/85
f 612/47/86 613/46/86 611/48/86 610/49/86
f 610/49/87 611/48/87 607/50/87 606/51/87
f 608/52/75 612/47/75 610/49/75 606/53/75
f 613/46/76 609/54/76 607/55/76 611/48/76
f 614/56/84 615/57/84 617/44/84 616/45/84
f 616/45/85 617/44/85 621/46/85 620/47/85
f 620/47/86 621/46/86 619/48/86 618/49/86
f 618/49/87 619/48/87 615/50/87 614/51/87
f 616/52/75 620/47/75 618/49/75 614/53/75
f 621/46/76 617/54/76 615/55/76 619/48/76
f 622/56/84 623/57/84 625/44/84 624/45/84
f 624/45/85 625/44/85 629/46/85 628/47/85
f 628/47/86 629/46/86 627/48/86 626/49/86
f 626/49/87 627/48/87 623/50/87 622/51/87
f 624/52/75 628/47/75 626/49/75 622/53/75
f 629/46/76 625/54/76 623/55/76 627/48/76
f 630/56/84 631/57/84 633/44/84 632/45/84
f 632/45/85 633/44/85 637/46/85 636/47/85
f 636/47/86 637/46/86 635/48/86 634/49/86
f 634/49/87 635/48/87 631/50/87 630/51/87
f 632/52/75 636/47/75 634/49/75 630/53/75
f 637/46/76 633/54/76 631/55/76 635/48/76
f 638/56/84 639/57/84 641/44/84 640/45/84
f 640/45/85 641/44/85 645/46/85 644/47/85
f 644/47/86 645/46/86 643/48/86 642/49/86
f 642/49/87 643/48/87 639/50/87 638/51/87
f 640/52/75 644/47/75 642/49/75 638/53/75
f 645/46/76 641/54/76 639/55/76 643/48/76
f 646/56/84 647/57/84 649/44/84 648/45/84
f 648/45/85 649/44/85 653/46/85 652/47/85
f 652/47/86 653/46/86 651/48/86 650/49/86
f 650/49/87 651/48/87 647/50/87 646/51/87
f 648/52/75 652/47/75 650/49/75 646/53/75
f 653/46/76 649/54/76 647/55/76 651/48/76
f 654/56/84 655/57/84 657/44/84 656/45/84
f 656/45/85 657/44/85 661/46/85 660/47/85
f 660/47/86 661/46/86 659/48/86 658/49/86
f 658/49/87 659/48/87 655/50/87 654/51/87
f 656/52/75 660/47/75 658/49/75 654/53/75
f 661/46/76 657/54/76 655/55/76 659/48/76
f 662/56/84 663/57/84 665/44/84 664/45/84
f 664/45/85 665/44/85 669/46/85 668/47/85
f 668/47/86 669/46/86 667/48/86 666/49/86
f 666/49/87 667/48/87 663/50/87 662/51/87
f 664/52/75 668/47/75 666/49/75 662/53/75
f 669/46/76 665/54/76 663/55/76 667/48/76
f 670/56/84 671/57/84 673/44/84 672/45/84
f 672/45/85 673/44/85 677/46/85 676/47/85
f 676/47/86 677/46/86 675/48/86 674/49/86
f 674/49/87 675/48/87 671/50/87 670/51/87
f 672/52/75 676/47/75 674/49/75 670/53/75
f 677/46/76 673/54/76 671/55/76 675/48/76
f 678/56/84 679/57/84 681/44/84 680/45/84
f 680/45/85 681/44/85 685/46/85 684/47/85
f 684/47/86 685/46/86 683/48/86 682/49/86
f 682/49/87 683/48/87 679/50/87 678/51/87
f 680/52/75 684/47/75 682/49/75 678/53/75
f 685/46/76 681/54/76 679/55/76 683/48/76
f 686/56/84 687/57/84 689/44/84 688/45/84
f 688/45/85 689/44/85 693/46/85 692/47/85
f 692/47/86 693/46/86 691/48/86 690/49/86
f 690/49/87 691/48/87 687/50/87 686/51/87
f 688/52/75 692/47/75 690/49/75 686/53/75
f 693/46/76 689/54/76 687/55/76 691/48/76
f 694/56/84 695/57/84 697/44/84 696/45/84
f 696/45/85 697/44/85 701/46/85 700/47/85
f 700/47/86 701/46/86 699/48/86 698/49/86
f 698/49/87 699/48/87 695/50/87 694/51/87
f 696/52/75 700/47/75 698/49/75 694/53/75
f 701/46/76 697/54/76 695/55/76 699/48/76
f 702/56/84 703/57/84 705/44/84 704/45/84
f 704/45/85 705/44/85 709/46/85 708/47/85
f 708/47/86 709/46/86 707/48/86 706/49/86
f 706/49/87 707/48/87 703/50/87 702/51/87
f 704/52/75 708/47/75 706/49/75 702/53/75
f 709/46/76 705/54/76 703/55/76 707/48/76
f 710/56/84 711/57/84 713/44/84 712/45/84
f 712/45/85 713/44/85 717/46/85 716/47/85
f 716/47/86 717/46/86 715/48/86 714/49/86
f 714/49/87 715/48/87 711/50/87 710/51/87
f 712/52/75 716/47/75 714/49/75 710/53/75
f 717/46/76 713/54/76 711/55/76 715/48/76
f 718/56/84 719/57/84 721/44/84 720/45/84
f 720/45/85 721/44/85 725/46/85 724/47/85
f 724/47/86 725/46/86 723/48/86 722/49/86
f 722/49/87 723/48/87 719/50/87 718/51/87
f 720/52/75 724/47/75 722/49/75 718/53/75
f 725/46/76 721/54/76 719/55/76 723/48/76
f 726/56/84 727/57/84 729/44/84 728/45/84
f 728/45/85 729/44/85 733/46/85 732/47/85
f 732/47/86 733/46/86 731/48/86 730/49/86
f 730/49/87 731/48/87 727/50/87 726/51/87
f 728/52/75 732/47/75 730/49/75 726/53/75
f 733/46/76 729/54/76 727/55/76 731/48/76
f 734/56/84 735/57/84 737/44/84 736/45/84
f 736/45/85 737/44/85 741/46/85 740/47/85
f 740/47/86 741/46/86 739/48/86 738/49/86
f 738/49/87 739/48/87 735/50/87 734/51/87
f 736/52/75 740/47/75 738/49/75 734/53/75
f 741/46/76 737/54/76 735/55/76 739/48/76
f 742/56/84 743/57/84 745/44/84 744/45/84
f 744/45/85 745/44/85 749/46/85 748/47/85
f 748/47/86 749/46/86 747/48/86 746/49/86
f 746/49/87 747/48/87 743/50/87 742/51/87
f 744/52/75 748/47/75 746/49/75 742/53/75
f 749/46/76 745/54/76 743/55/76 747/48/76
f 750/56/84 751/57/84 753/44/84 752/45/84
f 752/45/85 753/44/85 757/46/85 756/47/85
f 756/47/86 757/46/86 755/48/86 754/49/86
f 754/49/87 755/48/87 751/50/87 750/51/87
f 752/52/75 756/47/75 754/49/75 750/53/75
f 757/46/76 753/54/76 751/55/76 755/48/76
f 758/56/84 759/57/84 761/44/84 760/45/84
f 760/45/85 761/44/85 765/46/85 764/47/85
f 764/47/86 765/46/86 763/48/86 762/49/86
f 762/49/87 763/48/87 759/50/87 758/51/87
f 760/52/75 764/47/75 762/49/75 758/53/75
f 765/46/76 761/54/76 759/55/76 763/48/76
f 766/56/84 767/57/84 769/44/84 768/45/84
f 768/45/85 769/44/85 773/46/85 772/47/85
f 772/47/86 773/46/86 771/48/86 770/49/86
f 770/49/87 771/48/87 767/50/87 766/51/87
f 768/52/75 772/47/75 770/49/75 766/53/75
f 773/46/76 769/54/76 767/55/76 771/48/76
f 774/56/84 775/57/84 777/44/84 776/45/84
f 776/45/85 777/44/85 781/46/85 780/47/85
f 780/47/86 781/46/86 779/48/86 778/49/86
f 778/49/87 779/48/87 775/50/87 774/51/87
f 776/52/75 780/47/75 778/49/75 774/53/75
f 781/46/76 777/54/76 775/55/76 779/48/76
f 782/56/84 783/57/84 785/44/84 784/45/84
f 784/45/85 785/44/85 789/46/85 788/47/85
f 788/47/86 789/46/86 787/48/86 786/49/86
f 786/49/87 787/48/87 783/50/87 782/51/87
f 784/52/75 788/47/75 786/49/75 782/53/75
f 789/46/76 785/54/76 783/55/76 787/48/76
f 790/56/84 791/57/84 793/44/84 792/45/84
f 792/45/85 793/44/85 797/46/85 796/47/85
f 796/47/86 797/46/86 795/48/86 794/49/86
f 794/49/87 795/48/87 791/50/87 790/51/87
f 792/52/75 796/47/75 794/49/75 790/53/75
f 797/46/76 793/54/76 791/55/76 795/48/76
f 798/56/84 799/57/84 801/44/84 800/45/84
f 800/45/85 801/44/85 805/46/85 804/47/85
f 804/47/86 805/46/86 803/48/86 802/49/86
f 802/49/87 803/48/87 799/50/87 798/51/87
f 800/52/75 804/47/75 802/49/75 798/53/75
f 805/46/76 801/54/76 799/55/76 803/48/76
f 806/56/84 807/57/84 809/44/84 808/45/84
f 808/45/85 809/44/85 813/46/85 812/47/85
f 812/47/86 813/46/86 811/48/86 810/49/86
f 810/49/87 811/48/87 807/50/87 806/51/87
f 808/52/75 812/47/75 810/49/75 806/53/75
f 813/46/76 809/54/76 807/55/76 811/48/76
f 814/56/84 815/57/84 817/44/84 816/45/84
f 816/45/85 817/44/85 821/46/85 820/47/85
f 820/47/86 821/46/86 819/48/86 818/49/86
f 818/49/87 819/48/87 815/50/87 814/51/87
f 816/52/75 820/47/75 818/49/75 814/53/75
f 821/46/76 817/54/76 815/55/76 819/48/76
f 822/56/84 823/57/84 825/44/84 824/45/84
f 824/45/85 825/44/85 829/46/85 828/47/85
f 828/47/86 829/46/86 827/48/86 826/49/86
f 826/49/87 827/48/87 823/50/87 822/51/87
f 824/52/75 828/47/75 826/49/75 822/53/75
f 829/46/76 825/54/76 823/55/76 827/48/76
f 830/56/84 831/57/84 833/44/84 832/45/84
f 832/45/85 833/44/85 837/46/85 836/47/85
f 836/47/86 837/46/86 835/48/86 834/49/86
f 834/49/87 835/48/87 831/50/87 830/51/87
f 832/52/75 836/47/75 834/49/75 830/53/75
f 837/46/76 833/54/76 831/55/76 835/48/76
f 838/56/84 839/57/84 841/44/84 840/45/84
f 840/45/85 841/44/85 845/46/85 844/47/85
f 844/47/86 845/46/86 843/48/86 842/49/86
f 842/49/87 843/48/87 839/50/87 838/51/87
f 840/52/75 844/47/75 842/49/75 838/53/75
f 845/46/76 841/54/76 839/55/76 843/48/76
f 846/56/84 847/57/84 849/44/84 848/45/84
f 848/45/85 849/44/85 853/46/85 852/47/85
f 852/47/86 853/46/86 851/48/86 850/49/86
f 850/49/87 851/48/87 847/50/87 846/51/87
f 848/52/75 852/47/75 850/49/75 846/53/75
f 853/46/76 849/54/76 847/55/76 851/48/76
f 854/56/84 855/57/84 857/44/84 856/45/84
f 856/45/85 857/44/85 861/46/85 860/47/85
f 860/47/86 861/46/86 859/48/86 858/49/86
f 858/49/87 859/48/87 855/50/87 854/51/87
f 856/52/75 860/47/75 858/49/75 854/53/75
f 861/46/76 857/54/76 855/55/76 859/48/76
f 862/56/84 863/57/84 865/44/84 864/45/84
f 864/45/85 865/44/85 869/46/85 868/47/85
f 868/47/86 869/46/86 867/48/86 866/49/86
f 866/49/87 867/48/87 863/50/87 862/51/87
f 864/52/75 868/47/75 866/49/75 862/53/75
f 869/46/76 865/54/76 863/55/76 867/48/76
f 870/56/84 871/57/84 873/44/84 872/45/84
f 872/45/85 873/44/85 877/46/85 876/47/85
f 876/47/86 877/46/86 875/48/86 874/49/86
f 874/49/87 875/48/87 871/50/87 870/51/87
f 872/52/75 876/47/75 874/49/75 870/53/75
f 877/46/76 873/54/76 871/55/76 875/48/76
f 878/56/84 879/57/84 881/44/84 880/45/84
f 880/45/85 881/44/85 885/46/85 884/47/85
f 884/47/86 885/46/86 883/48/86 882/49/86
f 882/49/87 883/48/87 879/50/87 878/51/87
f 880/52/75 884/47/75 882/49/75 878/53/75
f 885/46/76 881/54/76 879/55/76 883/48/76
f 886/56/84 887/57/84 889/44/84 888/45/84
f 888/45/85 889/44/85 893/46/85 892/47/85
f 892/47/86 893/46/86 891/48/86 890/49/86
f 890/49/87 891/48/87 887/50/87 886/51/87
f 888/52/75 892/47/75 890/49/75 886/53/75
f 893/46/76 889/54/76 887/55/76 891/48/76
f 894/56/84 895/57/84 897/44/84 896/45/84
f 896/45/85 897/44/85 901/46/85 900/47/85
f 900/47/86 901/46/86 899/48/86 898/49/86
f 898/49/87 899/48/87 895/50/87 894/51/87
f 896/52/75 900/47/75 898/49/75 894/53/75
f 901/46/76 897/54/76 895/55/76 899/48/76
f 902/56/84 903/57/84 905/44/84 904/45/84
f 904/45/85 905/44/85 909/46/85 908/47/85
f 908/47/86 909/46/86 907/48/86 906/49/86
f 906/49/87 907/48/87 903/50/87 902/51/87
f 904/52/75 908/47/75 906/49/75 902/53/75
f 909/46/76 905/54/76 903/55/76 907/48/76
f 910/56/84 911/57/84 913/44/84 912/45/84
f 912/45/85 913/44/85 917/46/85 916/47/85
f 916/47/86 917/46/86 915/48/86 914/49/86
f 914/49/87 915/48/87 911/50/87 910/51/87
f 912/52/75 916/47/75 914/49/75 910/53/75
f 917/46/76 913/54/76 911/55/76 915/48/76
f 918/56/84 919/57/84 921/44/84 920/45/84
f 920/45/85 921/44/85 925/46/85 924/47/85
f 924/47/86 925/46/86 923/48/86 922/49/86
f 922/49/87 923/48/87 919/50/87 918/51/87
f 920/52/75 924/47/75 922/49/75 918/53/75
f 925/46/76 921/54/76 919/55/76 923/48/76
f 926/56/84 927/57/84 929/44/84 928/45/84
f 928/45/85 929/44/85 933/46/85 932/47/85
f 932/47/86 933/46/86 931/48/86 930/49/86
f 930/49/87 931/48/87 927/50/87 926/51/87
f 928/52/75 932/47/75 930/49/75 926/53/75
f 933/46/76 929/54/76 927/55/76 931/48/76
f 934/56/84 935/57/84 937/44/84 936/45/84
f 936/45/85 937/44/85 941/46/85 940/47/85
f 940/47/86 941/46/86 939/48/86 938/49/86
f 938/49/87 939/48/87 935/50/87 934/51/87
f 936/52/75 940/47/75 938/49/75 934/53/75
f 941/46/76 937/54/76 935/55/76 939/48/76
f 942/56/84 943/57/84 945/44/84 944/45/84
f 944/45/85 945/44/85 949/46/85 948/47/85
f 948/47/86 949/46/86 947/48/86 946/49/86
f 946/49/87 947/48/87 943/50/87 942/51/87
f 944/52/75 948/47/75 946/49/75 942/53/75
f 949/46/76 945/54/76 943/55/76 947/48/76
f 950/56/84 951/57/84 953/44/84 952/45/84
f 952/45/85 953/44/85 957/46/85 956/47/85
f 956/47/86 957/46/86 955/48/86 954/49/86
f 954/49/87 955/48/87 951/50/87 950/51/87
f 952/52/75 956/47/75 954/49/75 950/53/75
f 957/46/76 953/54/76 951/55/76 955/48/76
f 958/56/84 959/57/84 961/44/84 960/45/84
f 960/45/85 961/44/85 965/46/85 964/47/85
f 964/47/86 965/46/86 963/48/86 962/49/86
f 962/49/87 963/48/87 959/50/87 958/51/87
f 960/52/75 964/47/75 962/49/75 958/53/75
f 965/46/76 961/54/76 959/55/76 963/48/76
f 966/56/84 967/57/84 969/44/84 968/45/84
f 968/45/85 969/44/85 973/46/85 972/47/85
f 972/47/86 973/46/86 971/48/86 970/49/86
f 970/49/87 971/48/87 967/50/87 966/51/87
f 968/52/75 972/47/75 970/49/75 966/53/75
f 973/46/76 969/54/76 967/55/76 971/48/76
f 974/56/84 975/57/84 977/44/84 976/45/84
f 976/45/85 977/44/85 981/46/85 980/47/85
f 980/47/86 981/46/86 979/48/86 978/49/86
f 978/49/87 979/48/87 975/50/87 974/51/87
f 976/52/75 980/47/75 978/49/75 974/53/75
f 981/46/76 977/54/76 975/55/76 979/48/76
f 982/56/84 983/57/84 985/44/84 984/45/84
f 984/45/85 985/44/85 989/46/85 988/47/85
f 988/47/86 989/46/86 987/48/86 986/49/86
f 986/49/87 987/48/87 983/50/87 982/51/87
f 984/52/75 988/47/75 986/49/75 982/53/75
f 989/46/76 985/54/76 983/55/76 987/48/76
f 990/56/84 991/57/84 993/44/84 992/45/84
f 992/45/85 993/44/85 997/46/85 996/47/85
f 996/47/86 997/46/86 995/48/86 994/49/86
f 994/49/87 995/48/87 991/50/87 990/51/87
f 992/52/75 996/47/75 994/49/75 990/53/75
f 997/46/76 993/54/76 991/55/76 995/48/76
f 998/56/84 999/57/84 1001/44/84 1000/45/84
f 1000/45/85 1001/44/85 1005/46/85 1004/47/85
f 1004/47/86 1005/46/86 1003/48/86 1002/49/86
f 1002/49/87 1003/48/87 999/50/87 998/51/87
f 1000/52/75 1004/47/75 1002/49/75 998/53/75
f 1005/46/76 1001/54/76 999/55/76 1003/48/76
f 1006/56/84 1007/57/84 1009/44/84 1008/45/84
f 1008/45/85 1009/44/85 1013/46/85 1012/47/85
f 1012/47/86 1013/46/86 1011/48/86 1010/49/86
f 1010/49/87 1011/48/87 1007/50/87 1006/51/87
f 1008/52/75 1012/47/75 1010/49/75 1006/53/75
f 1013/46/76 1009/54/76 1007/55/76 1011/48/76
f 1014/56/84 1015/57/84 1017/44/84 1016/45/84
f 1016/45/85 1017/44/85 1021/46/85 1020/47/85
f 1020/47/86 1021/46/86 1019/48/86 1018/49/86
f 1018/49/87 1019/48/87 1015/50/87 1014/51/87
f 1016/52/75 1020/47/75 1018/49/75 1014/53/75
f 1021/46/76 1017/54/76 1015/55/76 1019/48/76
f 1022/56/84 1023/57/84 1025/44/84 1024/45/84
f 1024/45/85 1025/44/85 1029/46/85 1028/47/85
f 1028/47/86 1029/46/86 1027/48/86 1026/49/86
f 1026/49/87 1027/48/87 1023/50/87 1022/51/87
f 1024/52/75 1028/47/75 1026/49/75 1022/53/75
f 1029/46/76 1025/54/76 1023/55/76 1027/48/76
f 1030/56/84 1031/57/84 1033/44/84 1032/45/84
f 1032/45/85 1033/44/85 1037/46/85 1036/47/85
f 1036/47/86 1037/46/86 1035/48/86 1034/49/86
f 1034/49/87 1035/48/87 1031/50/87 1030/51/87
f 1032/52/75 1036/47/75 1034/49/75 1030/53/75
f 1037/46/76 1033/54/76 1031/55/76 1035/48/76
f 1038/56/84 1039/57/84 1041/44/84 1040/45/84
f 1040/45/85 1041/44/85 1045/46/85 1044/47/85
f 1044/47/86 1045/46/86 1043/48/86 1042/49/86
f 1042/49/87 1043/48/87 1039/50/87 1038/51/87
f 1040/52/75 1044/47/75 1042/49/75 1038/53/75
f 1045/46/76 1041/54/76 1039/55/76 1043/48/76
f 1046/56/84 1047/57/84 1049/44/84 1048/45/84
f 1048/45/85 1049/44/85 1053/46/85 1052/47/85
f 1052/47/86 1053/46/86 1051/48/86 1050/49/86
f 1050/49/87 1051/48/87 1047/50/87 1046/51/87
f 1048/52/75 1052/47/75 1050/49/75 1046/53/75
f 1053/46/76 1049/54/76 1047/55/76 1051/48/76
f 1054/56/84 1055/57/84 1057/44/84 1056/45/84
f 1056/45/85 1057/44/85 1061/46/85 1060/47/85
f 1060/47/86 1061/46/86 1059/48/86 1058/49/86
f 1058/49/87 1059/48/87 1055/50/87 1054/51/87
f 1056/52/75 1060/47/75 1058/49/75 1054/53/75
f 1061/46/76 1057/54/76 1055/55/76 1059/48/76
f 1062/56/84 1063/57/84 1065/44/84 1064/45/84
f 1064/45/85 1065/44/85 1069/46/85 1068/47/85
f 1068/47/86 1069/46/86 1067/48/86 1066/49/86
f 1066/49/87 1067/48/87 1063/50/87 1062/51/87
f 1064/52/75 1068/47/75 1066/49/75 1062/53/75
f 1069/46/76 1065/54/76 1063/55/76 1067/48/76
f 1070/56/84 1071/57/84 1073/44/84 1072/45/84
f 1072/45/85 1073/44/85 1077/46/85 1076/47/85
f 1076/47/86 1077/46/86 1075/48/86 1074/49/86
f 1074/49/87 1075/48/87 1071/50/87 1070/51/87
f 1072/52/75 1076/47/75 1074/49/75 1070/53/75
f 1077/46/76 1073/54/76 1071/55/76 1075/48/76
f 1078/56/84 1079/57/84 1081/44/84 1080/45/84
f 1080/45/85 1081/44/85 1085/46/85 1084/47/85
f 1084/47/86 1085/46/86 1083/48/86 1082/49/86
f 1082/49/87 1083/48/87 1079/50/87 1078/51/87
f 1080/52/75 1084/47/75 1082/49/75 1078/53/75
f 1085/46/76 1081/54/76 1079/55/76 1083/48/76
f 1086/56/84 1087/57/84 1089/44/84 1088/45/84
f 1088/45/85 1089/44/85 1093/46/85 1092/47/85
f 1092/47/86 1093/46/86 1091/48/86 1090/49/86
f 1090/49/87 1091/48/87 1087/50/87 1086/51/87
f 1088/52/75 1092/47/75 1090/49/75 1086/53/75
f 1093/46/76 1089/54/76 1087/55/76 1091/48/76
f 1094/56/84 1095/57/84 1097/44/84 1096/45/84
f 1096/45/85 1097/44/85 1101/46/85 1100/47/85
f 1100/47/86 1101/46/86 1099/48/86 1098/49/86
f 1098/49/87 1099/48/87 1095/50/87 1094/51/87
f 1096/52/75 1100/47/75 1098/49/75 1094/53/75
f 1101/46/76 1097/54/76 1095/55/76 1099/48/76
f 1102/56/84 1103/57/84 1105/44/84 1104/45/84
f 1104/45/85 1105/44/85 1109/46/85 1108/47/85
f 1108/47/86 1109/46/86 1107/48/86 1106/49/86
f 1106/49/87 1107/48/87 1103/50/87 1102/51/87
f 1104/52/75 1108/47/75 1106/49/75 1102/53/75
f 1109/46/76 1105/54/76 1103/55/76 1107/48/76
f 1110/56/84 1111/57/84 1113/44/84 1112/45/84
f 1112/45/85 1113/44/85 1117/46/85 1116/47/85
f 1116/47/86 1117/46/86 1115/48/86 1114/49/86
f 1114/49/87 1115/48/87 1111/50/87 1110/51/87
f 1112/52/75 1116/47/75 1114/49/75 1110/53/75
f 1117/46/76 1113/54/76 1111/55/76 1115/48/76
f 1118/56/84 1119/57/84 1121/44/84 1120/45/84
f 1120/45/85 1121/44/85 1125/46/85 1124/47/85
f 1124/47/86 1125/46/86 1123/48/86 1122/49/86
f 1122/49/87 1123/48/87 1119/50/87 1118/51/87
f 1120/52/75 1124/47/75 1122/49/75 1118/53/75
f 1125/46/76 1121/54/76 1119/55/76 1123/48/76
f 1126/56/84 1127/57/84 1129/44/84 1128/45/84
f 1128/45/85 1129/44/85 1133/46/85 1132/47/85
f 1132/47/86 1133/46/86 1131/48/86 1130/49/86
f 1130/49/87 1131/48/87 1127/50/87 1126/51/87
f 1128/52/75 1132/47/75 1130/49/75 1126/53/75
f 1133/46/76 1129/54/76 1127/55/76 1131/48/76
f 1134/56/84 1135/57/84 1137/44/84 1136/45/84
f 1136/45/85 1137/44/85 1141/46/85 1140/47/85
f 1140/47/86 1141/46/86 1139/48/86 1138/49/86
f 1138/49/87 1139/48/87 1135/50/87 1134/51/87
f 1136/52/75 1140/47/75 1138/49/75 1134/53/75
f 1141/46/76 1137/54/76 1135/55/76 1139/48/76
f 1142/56/84 1143/57/84 1145/44/84 1144/45/84
f 1144/45/85 1145/44/85 1149/46/85 1148/47/85
f 1148/47/86 1149/46/86 1147/48/86 1146/49/86
f 1146/49/87 1147/48/87 1143/50/87 1142/51/87
f 1144/52/75 1148/47/75 1146/49/75 1142/53/75
f 1149/46/76 1145/54/76 1143/55/76 1147/48/76
f 1150/56/84 1151/57/84 1153/44/84 1152/45/84
f 1152/45/85 1153/44/85 1157/46/85 1156/47/85
f 1156/47/86 1157/46/86 1155/48/86 1154/49/86
f 1154/49/87 1155/48/87 1151/50/87 1150/51/87
f 1152/52/75 1156/47/75 1154/49/75 1150/53/75
f 1157/46/76 1153/54/76 1151/55/76 1155/48/76
f 1158/56/84 1159/57/84 1161/44/84 1160/45/84
f 1160/45/85 1161/44/85 1165/46/85 1164/47/85
f 1164/47/86 1165/46/86 1163/48/86 1162/49/86
f 1162/49/87 1163/48/87 1159/50/87 1158/51/87
f 1160/52/75 1164/47/75 1162/49/75 1158/53/75
f 1165/46/76 1161/54/76 1159/55/76 1163/48/76
f 1166/56/84 1167/57/84 1169/44/84 1168/45/84
f 1168/45/85 1169/44/85 1173/46/85 1172/47/85
f 1172/47/86 1173/46/86 1171/48/86 1170/49/86
f 1170/49/87 1171/48/87 1167/50/87 1166/51/87
f 1168/52/75 1172/47/75 1170/49/75 1166/53/75
f 1173/46/76 1169/54/76 1167/55/76 1171/48/76
f 1174/56/84 1175/57/84 1177/44/84 1176/45/84
f 1176/45/85 1177/44/85 1181/46/85 1180/47/85
f 1180/47/86 1181/46/86 1179/48/86 1178/49/86
f 1178/49/87 1179/48/87 1175/50/87 1174/51/87
f 1176/52/75 1180/47/75 1178/49/75 1174/53/75
f 1181/46/76 1177/54/76 1175/55/76 1179/48/76
f 1182/56/84 1183/57/84 1185/44/84 1184/45/84
f 1184/45/85 1185/44/85 1189/46/85 1188/47/85
f 1188/47/86 1189/46/86 1187/48/86 1186/49/86
f 1186/49/87 1187/48/87 1183/50/87 1182/51/87
f 1184/52/75 1188/47/75 1186/49/75 1182/53/75
f 1189/46/76 1185/54/76 1183/55/76 1187/48/76
f 1190/56/84 1191/57/84 1193/44/84 1192/45/84
f 1192/45/85 1193/44/85 1197/46/85 1196/47/85
f 1196/47/86 1197/46/86 1195/48/86 1194/49/86
f 1194/49/87 1195/48/87 1191/50/87 1190/51/87
f 1192/52/75 1196/47/75 1194/49/75 1190/53/75
f 1197/46/76 1193/54/76 1191/55/76 1195/48/76
f 1198/56/84 1199/57/84 1201/44/84 1200/45/84
f 1200/45/85 1201/44/85 1205/46/85 1204/47/85
f 1204/47/86 1205/46/86 1203/48/86 1202/49/86
f 1202/49/87 1203/48/87 1199/50/87 1198/51/87
f 1200/52/75 1204/47/75 1202/49/75 1198/53/75
f 1205/46/76 1201/54/76 1199/55/76 1203/48/76
f 1206/56/84 1207/57/84 1209/44/84 1208/45/84
f 1208/45/85 1209/44/85 1213/46/85 1212/47/85
f 1212/47/86 1213/46/86 1211/48/86 1210/49/86
f 1210/49/87 1211/48/87 1207/50/87 1206/51/87
f 1208/52/75 1212/47/75 1210/49/75 1206/53/75
f 1213/46/76 1209/54/76 1207/55/76 1211/48/76
f 1214/56/84 1215/57/84 1217/44/84 1216/45/84
f 1216/45/85 1217/44/85 1221/46/85 1220/47/85
f 1220/47/86 1221/46/86 1219/48/86 1218/49/86
f 1218/49/87 1219/48/87 1215/50/87 1214/51/87
f 1216/52/75 1220/47/75 1218/49/75 1214/53/75
f 1221/46/76 1217/54/76 1215/55/76 1219/48/76
f 1222/56/84 1223/57/84 1225/44/84 1224/45/84
f 1224/45/85 1225/44/85 1229/46/85 1228/47/85
f 1228/47/86 1229/46/86 1227/48/86 1226/49/86
f 1226/49/87 1227/48/87 1223/50/87 1222/51/87
f 1224/52/75 1228/47/75 1226/49/75 1222/53/75
f 1229/46/76 1225/54/76 1223/55/76 1227/48/76
f 1230/56/84 1231/57/84 1233/44/84 1232/45/84
f 1232/45/85 1233/44/85 1237/46/85 1236/47/85
f 1236/47/86 1237/46/86 1235/48/86 1234/49/86
f 1234/49/87 1235/48/87 1231/50/87 1230/51/87
f 1232/52/75 1236/47/75 1234/49/75 1230/53/75
f 1237/46/76 1233/54/76 1231/55/76 1235/48/76
f 1238/56/84 1239/57/84 1241/44/84 1240/45/84
f 1240/45/85 1241/44/85 1245/46/85 1244/47/85
f 1244/47/86 1245/46/86 1243/48/86 1242/49/86
f 1242/49/87 1243/48/87 1239/50/87 1238/51/87
f 1240/52/75 1244/47/75 1242/49/75 1238/53/75
f 1245/46/76 1241/54/76 1239/55/76 1243/48/76
f 1246/56/84 1247/57/84 1249/44/84 1248/45/84
f 1248/45/85 1249/44/85 1253/46/85 1252/47/85
f 1252/47/86 1253/46/86 1251/48/86 1250/49/86
f 1250/49/87 1251/48/87 1247/50/87 1246/51/87
f 1248/52/75 1252/47/75 1250/49/75 1246/53/75
f 1253/46/76 1249/54/76 1247/55/76 1251/48/76
f 1254/56/84 1255/57/84 1257/44/84 1256/45/84
f 1256/45/85 1257/44/85 1261/46/85 1260/47/85
f 1260/47/86 1261/46/86 1259/48/86 1258/49/86
f 1258/49/87 1259/48/87 1255/50/87 1254/51/87
f 1256/52/75 1260/47/75 1258/49/75 1254/53/75
f 1261/46/76 1257/54/76 1255/55/76 1259/48/76
f 1262/56/84 1263/57/84 1265/44/84 1264/45/84
f 1264/45/85 1265/44/85 1269/46/85 1268/47/85
f 1268/47/86 1269/46/86 1267/48/86 1266/49/86
f 1266/49/87 1267/48/87 1263/50/87 1262/51/87
f 1264/52/75 1268/47/75 1266/49/75 1262/53/75
f 1269/46/76 1265/54/76 1263/55/76 1267/48/76
f 1270/56/84 1271/57/84 1273/44/84 1272/45/84
f 1272/45/85 1273/44/85 1277/46/85 1276/47/85
f 1276/47/86 1277/46/86 1275/48/86 1274/49/86
f 1274/49/87 1275/48/87 1271/50/87 1270/51/87
f 1272/52/75 1276/47/75 1274/49/75 1270/53/75
f 1277/46/76 1273/54/76 1271/55/76 1275/48/76
f 1278/56/84 1279/57/84 1281/44/84 1280/45/84
f 1280/45/85 1281/44/85 1285/46/85 1284/47/85
f 1284/47/86 1285/46/86 1283/48/86 1282/49/86
f 1282/49/87 1283/48/87 1279/50/87 1278/51/87
f 1280/52/75 1284/47/75 1282/49/75 1278/53/75
f 1285/46/76 1281/54/76 1279/55/76 1283/48/76
f 1286/56/84 1287/57/84 1289/44/84 1288/45/84
f 1288/45/85 1289/44/85 1293/46/85 1292/47/85
f 1292/47/86 1293/46/86 1291/48/86 1290/49/86
f 1290/49/87 1291/48/87 1287/50/87 1286/51/87
f 1288/52/75 1292/47/75 1290/49/75 1286/53/75
f 1293/46/76 1289/54/76 1287/55/76 1291/48/76
f 1294/56/84 1295/57/84 1297/44/84 1296/45/84
f 1296/45/85 1297/44/85 1301/46/85 1300/47/85
f 1300/47/86 1301/46/86 1299/48/86 1298/49/86
f 1298/49/87 1299/48/87 1295/50/87 1294/51/87
f 1296/52/75 1300/47/75 1298/49/75 1294/53/75
f 1301/46/76 1297/54/76 1295/55/76 1299/48/76
f 1302/56/84 1303/57/84 1305/44/84 1304/45/84
f 1304/45/85 1305/44/85 1309/46/85 1308/47/85
f 1308/47/86 1309/46/86 1307/48/86 1306/49/86
f 1306/49/87 1307/48/87 1303/50/87 1302/51/87
f 1304/52/75 1308/47/75 1306/49/75 1302/53/75
f 1309/46/76 1305/54/76 1303/55/76 1307/48/76
f 1310/56/84 1311/57/84 1313/44/84 1312/45/84
f 1312/45/85 1313/44/85 1317/46/85 1316/47/85
f 1316/47/86 1317/46/86 1315/48/86 1314/49/86
f 1314/49/87 1315/48/87 1311/50/87 1310/51/87
f 1312/52/75 1316/47/75 1314/49/75 1310/53/75
f 1317/46/76 1313/54/76 1311/55/76 1315/48/76
f 1318/56/84 1319/57/84 1321/44/84 1320/45/84
f 1320/45/85 1321/44/85 1325/46/85 1324/47/85
f 1324/47/86 1325/46/86 1323/48/86 1322/49/86
f 1322/49/87 1323/48/87 1319/50/87 1318/51/87
f 1320/52/75 1324/47/75 1322/49/75 1318/53/75
f 1325/46/76 1321/54/76 1319/55/76 1323/48/76
f 1326/56/84 1327/57/84 1329/44/84 1328/45/84
f 1328/45/85 1329/44/85 1333/46/85 1332/47/85
f 1332/47/86 1333/46/86 1331/48/86 1330/49/86
f 1330/49/87 1331/48/87 1327/50/87 1326/51/87
f 1328/52/75 1332/47/75 1330/49/75 1326/53/75
f 1333/46/76 1329/54/76 1327/55/76 1331/48/76
f 1334/56/84 1335/57/84 1337/44/84 1336/45/84
f 1336/45/85 1337/44/85 1341/46/85 1340/47/85
f 1340/47/86 1341/46/86 1339/48/86 1338/49/86
f 1338/49/87 1339/48/87 1335/50/87 1334/51/87
f 1336/52/75 1340/47/75 1338/49/75 1334/53/75
f 1341/46/76 1337/54/76 1335/55/76 1339/48/76
f 1342/56/84 1343/57/84 1345/44/84 1344/45/84
f 1344/45/85 1345/44/85 1349/46/85 1348/47/85
f 1348/47/86 1349/46/86 1347/48/86 1346/49/86
f 1346/49/87 1347/48/87 1343/50/87 1342/51/87
f 1344/52/75 1348/47/75 1346/49/75 1342/53/75
f 1349/46/76 1345/54/76 1343/55/76 1347/48/76
f 1350/56/84 1351/57/84 1353/44/84 1352/45/84
f 1352/45/85 1353/44/85 1357/46/85 1356/47/85
f 1356/47/86 1357/46/86 1355/48/86 1354/49/86
f 1354/49/87 1355/48/87 1351/50/87 1350/51/87
f 1352/52/75 1356/47/75 1354/49/75 1350/53/75
f 1357/46/76 1353/54/76 1351/55/76 1355/48/76
f 1358/56/84 1359/57/84 1361/44/84 1360/45/84
f 1360/45/85 1361/44/85 1365/46/85 1364/47/85
f 1364/47/86 1365/46/86 1363/48/86 1362/49/86
f 1362/49/87 1363/48/87 1359/50/87 1358/51/87
f 1360/52/75 1364/47/75 1362/49/75 1358/53/75
f 1365/46/76 1361/54/76 1359/55/76 1363/48/76
f 1366/56/84 1367/57/84 1369/44/84 1368/45/84
f 1368/45/85 1369/44/85 1373/46/85 1372/47/85
f 1372/47/86 1373/46/86 1371/48/86 1370/49/86
f 1370/49/87 1371/48/87 1367/50/87 1366/51/87
f 1368/52/75 1372/47/75 1370/49/75 1366/53/75
f 1373/46/76 1369/54/76 1367/55/76 1371/48/76
f 1374/56/84 1375/57/84 1377/44/84 1376/45/84
f 1376/45/85 1377/44/85 1381/46/85 1380/47/85
f 1380/47/86 1381/46/86 1379/48/86 1378/49/86
f 1378/49/87 1379/48/87 1375/50/87 1374/51/87
f 1376/52/75 1380/47/75 1378/49/75 1374/53/75
f 1381/46/76 1377/54/76 1375/55/76 1379/48/76
f 1382/56/84 1383/57/84 1385/44/84 1384/45/84
f 1384/45/85 1385/44/85 1389/46/85 1388/47/85
f 1388/47/86 1389/46/86 1387/48/86 1386/49/86
f 1386/49/87 1387/48/87 1383/50/87 1382/51/87
f 1384/52/75 1388/47/75 1386/49/75 1382/53/75
f 1389/46/76 1385/54/76 1383/55/76 1387/48/76
f 1390/56/84 1391/57/84 1393/44/84 1392/45/84
f 1392/45/85 1393/44/85 1397/46/85 1396/47/85
f 1396/47/86 1397/46/86 1395/48/86 1394/49/86
f 1394/49/87 1395/48/87 1391/50/87 1390/51/87
f 1392/52/75 1396/47/75 1394/49/75 1390/53/75
f 1397/46/76 1393/54/76 1391/55/76 1395/48/76
f 1398/56/84 1399/57/84 1401/44/84 1400/45/84
f 1400/45/85 1401/44/85 1405/46/85 1404/47/85
f 1404/47/86 1405/46/86 1403/48/86 1402/49/86
f 1402/49/87 1403/48/87 1399/50/87 1398/51/87
f 1400/52/75 1404/47/75 1402/49/75 1398/53/75
f 1405/46/76 1401/54/76 1399/55/76 1403/48/76
f 1406/56/84 1407/57/84 1409/44/84 1408/45/84
f 1408/45/85 1409/44/85 1413/46/85 1412/47/85
f 1412/47/86 1413/46/86 1411/48/86 1410/49/86
f 1410/49/87 1411/48/87 1407/50/87 1406/51/87
f 1408/52/75 1412/47/75 1410/49/75 1406/53/75
f 1413/46/76 1409/54/76 1407/55/76 1411/48/76
f 1414/56/84 1415/57/84 1417/44/84 1416/45/84
f 1416/45/85 1417/44/85 1421/46/85 1420/47/85
f 1420/47/86 1421/46/86 1419/48/86 1418/49/86
f 1418/49/87 1419/48/87 1415/50/87 1414/51/87
f 1416/52/75 1420/47/75 1418/49/75 1414/53/75
f 1421/46/76 1417/54/76 1415/55/76 1419/48/76
f 1422/56/84 1423/57/84 1425/44/84 1424/45/84
f 1424/45/85 1425/44/85 1429/46/85 1428/47/85
f 1428/47/86 1429/46/86 1427/48/86 1426/49/86
f 1426/49/87 1427/48/87 1423/50/87 1422/51/87
f 1424/52/75 1428/47/75 1426/49/75 1422/53/75
f 1429/46/76 1425/54/76 1423/55/76 1427/48/76
f 1430/56/84 1431/57/84 1433/44/84 1432/45/84
f 1432/45/85 1433/44/85 1437/46/85 1436/47/85
f 1436/47/86 1437/46/86 1435/48/86 1434/49/86
f 1434/49/87 1435/48/87 1431/50/87 1430/51/87
f 1432/52/75 1436/47/75 1434/49/75 1430/53/75
f 1437/46/76 1433/54/76 1431/55/76 1435/48/76
f 1438/56/84 1439/57/84 1441/44/84 1440/45/84
f 1440/45/85 1441/44/85 1445/46/85 1444/47/85
f 1444/47/86 1445/46/86 1443/48/86 1442/49/86
f 1442/49/87 1443/48/87 1439/50/87 1438/51/87
f 1440/52/75 1444/47/75 1442/49/75 1438/53/75
f 1445/46/76 1441/54/76 1439/55/76 1443/48/76
f 1446/56/84 1447/57/84 1449/44/84 1448/45/84
f 1448/45/85 1449/44/85 1453/46/85 1452/47/85
f 1452/47/86 1453/46/86 1451/48/86 1450/49/86
f 1450/49/87 1451/48/87 1447/50/87 1446/51/87
f 1448/52/75 1452/47/75 1450/49/75 1446/53/75
f 1453/46/76 1449/54/76 1447/55/76 1451/48/76
f 1454/56/84 1455/57/84 1457/44/84 1456/45/84
f 1456/45/85 1457/44/85 1461/46/85 1460/47/85
f 1460/47/86 1461/46/86 1459/48/86 1458/49/86
f 1458/49/87 1459/48/87 1455/50/87 1454/51/87
f 1456/52/75 1460/47/75 1458/49/75 1454/53/75
f 1461/46/76 1457/54/76 1455/55/76 1459/48/76
f 1462/56/84 1463/57/84 1465/44/84 1464/45/84
f 1464/45/85 1465/44/85 1469/46/85 1468/47/85
f 1468/47/86 1469/46/86 1467/48/86 1466/49/86
f 1466/49/87 1467/48/87 1463/50/87 1462/51/87
f 1464/52/75 1468/47/75 1466/49/75 1462/53/75
f 1469/46/76 1465/54/76 1463/55/76 1467/48/76
f 1470/56/84 1471/57/84 1473/44/84 1472/45/84
f 1472/45/85 1473/44/85 1477/46/85 1476/47/85
f 1476/47/86 1477/46/86 1475/48/86 1474/49/86
f 1474/49/87 1475/48/87 1471/50/87 1470/51/87
f 1472/52/75 1476/47/75 1474/49/75 1470/53/75
f 1477/46/76 1473/54/76 1471/55/76 1475/48/76
f 1478/56/84 1479/57/84 1481/44/84 1480/45/84
f 1480/45/85 1481/44/85 1485/46/85 1484/47/85
f 1484/47/86 1485/46/86 1483/48/86 1482/49/86
f 1482/49/87 1483/48/87 1479/50/87 1478/51/87
f 1480/52/75 1484/47/75 1482/49/75 1478/53/75
f 1485/46/76 1481/54/76 1479/55/76 1483/48/76
f 1486/56/84 1487/57/84 1489/44/84 1488/45/84
f 1488/45/85 1489/44/85 1493/46/85 1492/47/85
f 1492/47/86 1493/46/86 1491/48/86 1490/49/86
f 1490/49/87 1491/48/87 1487/50/87 1486/51/87
f 1488/52/75 1492/47/75 1490/49/75 1486/53/75
f 1493/46/76 1489/54/76 1487/55/76 1491/48/76
f 1494/56/84 1495/57/84 1497/44/84 1496/45/84
f 1496/45/85 1497/44/85 1501/46/85 1500/47/85
f 1500/47/86 1501/46/86 1499/48/86 1498/49/86
f 1498/49/87 1499/48/87 1495/50/87 1494/51/87
f 1496/52/75 1500/47/75 1498/49/75 1494/53/75
f 1501/46/76 1497/54/76 1495/55/76 1499/48/76
f 1502/56/84 1503/57/84 1505/44/84 1504/45/84
f 1504/45/85 1505/44/85 1509/46/85 1508/47/85
f 1508/47/86 1509/46/86 1507/48/86 1506/49/86
f 1506/49/87 1507/48/87 1503/50/87 1502/51/87
f 1504/52/75 1508/47/75 1506/49/75 1502/53/75
f 1509/46/76 1505/54/76 1503/55/76 1507/48/76
f 1510/56/84 1511/57/84 1513/44/84 1512/45/84
f 1512/45/85 1513/44/85 1517/46/85 1516/47/85
f 1516/47/86 1517/46/86 1515/48/86 1514/49/86
f 1514/49/87 1515/48/87 1511/50/87 1510/51/87
f 1512/52/75 1516/47/75 1514/49/75 1510/53/75
f 1517/46/76 1513/54/76 1511/55/76 1515/48/76
f 1518/56/88 1519/57/88 1521/44/88 1520/45/88
f 1520/45/85 1521/44/85 1525/46/85 1524/47/85
f 1524/47/89 1525/46/89 1523/48/89 1522/49/89
f 1522/49/87 1523/48/87 1519/50/87 1518/51/87
f 1520/52/75 1524/47/75 1522/49/75 1518/53/75
f 1525/46/76 1521/54/76 1519/55/76 1523/48/76
f 1526/56/90 1527/57/90 1529/44/90 1528/45/90
f 1528/45/85 1529/44/85 1533/46/85 1532/47/85
f 1532/47/91 1533/46/91 1531/48/91 1530/49/91
f 1530/49/87 1531/48/87 1527/50/87 1526/51/87
f 1528/52/75 1532/47/75 1530/49/75 1526/53/75
f 1533/46/76 1529/54/76 1527/55/76 1531/48/76
f 1534/56/90 1535/57/90 1537/44/90 1536/45/90
f 1536/45/85 1537/44/85 1541/46/85 1540/47/85
f 1540/47/91 1541/46/91 1539/48/91 1538/49/91
f 1538/49/87 1539/48/87 1535/50/87 1534/51/87
f 1536/52/75 1540/47/75 1538/49/75 1534/53/75
f 1541/46/76 1537/54/76 1535/55/76 1539/48/76
f 1542/56/88 1543/57/88 1545/44/88 1544/45/88
f 1544/45/85 1545/44/85 1549/46/85 1548/47/85
f 1548/47/89 1549/46/89 1547/48/89 1546/49/89
f 1546/49/87 1547/48/87 1543/50/87 1542/51/87
f 1544/52/75 1548/47/75 1546/49/75 1542/53/75
f 1549/46/76 1545/54/76 1543/55/76 1547/48/76
f 1550/56/88 1551/57/88 1553/44/88 1552/45/88
f 1552/45/85 1553/44/85 1557/46/85 1556/47/85
f 1556/47/89 1557/46/89 1555/48/89 1554/49/89
f 1554/49/87 1555/48/87 1551/50/87 1550/51/87
f 1552/52/75 1556/47/75 1554/49/75 1550/53/75
f 1557/46/76 1553/54/76 1551/55/76 1555/48/76
f 1558/56/88 1559/57/88 1561/44/88 1560/45/88
f 1560/45/85 1561/44/85 1565/46/85 1564/47/85
f 1564/47/89 1565/46/89 1563/48/89 1562/49/89
f 1562/49/87 1563/48/87 1559/50/87 1558/51/87
f 1560/52/75 1564/47/75 1562/49/75 1558/53/75
f 1565/46/76 1561/54/76 1559/55/76 1563/48/76
f 1566/56/88 1567/57/88 1569/44/88 1568/45/88
f 1568/45/85 1569/44/85 1573/46/85 1572/47/85
f 1572/47/89 1573/46/89 1571/48/89 1570/49/89
f 1570/49/87 1571/48/87 1567/50/87 1566/51/87
f 1568/52/75 1572/47/75 1570/49/75 1566/53/75
f 1573/46/76 1569/54/76 1567/55/76 1571/48/76
f 1574/56/88 1575/57/88 1577/44/88 1576/45/88
f 1576/45/85 1577/44/85 1581/46/85 1580/47/85
f 1580/47/91 1581/46/91 1579/48/91 1578/49/91
f 1578/49/87 1579/48/87 1575/50/87 1574/51/87
f 1576/52/75 1580/47/75 1578/49/75 1574/53/75
f 1581/46/76 1577/54/76 1575/55/76 1579/48/76
f 1582/56/90 1583/57/90 1585/44/90 1584/45/90
f 1584/45/85 1585/44/85 1589/46/85 1588/47/85
f 1588/47/91 1589/46/91 1587/48/91 1586/49/91
f 1586/49/87 1587/48/87 1583/50/87 1582/51/87
f 1584/52/75 1588/47/75 1586/49/75 1582/53/75
f 1589/46/76 1585/54/76 1583/55/76 1587/48/76
f 1590/56/90 1591/57/90 1593/44/90 1592/45/90
f 1592/45/85 1593/44/85 1597/46/85 1596/47/85
f 1596/47/91 1597/46/91 1595/48/91 1594/49/91
f 1594/49/87 1595/48/87 1591/50/87 1590/51/87
f 1592/52/75 1596/47/75 1594/49/75 1590/53/75
f 1597/46/76 1593/54/76 1591/55/76 1595/48/76
f 1598/56/88 1599/57/88 1601/44/88 1600/45/88
f 1600/45/85 1601/44/85 1605/46/85 1604/47/85
f 1604/47/89 1605/46/89 1603/48/89 1602/49/89
f 1602/49/87 1603/48/87 1599/50/87 1598/51/87
f 1600/52/75 1604/47/75 1602/49/75 1598/53/75
f 1605/46/76 1601/54/76 1599/55/76 1603/48/76
f 1606/56/88 1607/57/88 1609/44/88 1608/45/88
f 1608/45/85 1609/44/85 1613/46/85 1612/47/85
f 1612/47/89 1613/46/89 1611/48/89 1610/49/89
f 1610/49/87 1611/48/87 1607/50/87 1606/51/87
f 1608/52/75 1612/47/75 1610/49/75 1606/53/75
f 1613/46/76 1609/54/76 1607/55/76 1611/48/76
f 1614/56/88 1615/57/88 1617/44/88 1616/45/88
f 1616/45/85 1617/44/85 1621/46/85 1620/47/85
f 1620/47/89 1621/46/89 1619/48/89 1618/49/89
f 1618/49/87 1619/48/87 1615/50/87 1614/51/87
f 1616/52/75 1620/47/75 1618/49/75 1614/53/75
f 1621/46/76 1617/54/76 1615/55/76 1619/48/76
f 1622/56/88 1623/57/88 1625/44/88 1624/45/88
f 1624/45/85 1625/44/85 1629/46/85 1628/47/85
f 1628/47/89 1629/46/89 1627/48/89 1626/49/89
f 1626/49/87 1627/48/87 1623/50/87 1622/51/87
f 1624/52/75 1628/47/75 1626/49/75 1622/53/75
f 1629/46/76 1625/54/76 1623/55/76 1627/48/76
f 1630/56/90 1631/57/90 1633/44/90 1632/45/90
f 1632/45/85 1633/44/85 1637/46/85 1636/47/85
f 1636/47/91 1637/46/91 1635/48/91 1634/49/91
f 1634/49/87 1635/48/87 1631/50/87 1630/51/87
f 1632/52/75 1636/47/75 1634/49/75 1630/53/75
f 1637/46/76 1633/54/76 1631/55/76 1635/48/76
f 1638/56/88 1639/57/88 1641/44/88 1640/45/88
f 1640/45/85 1641/44/85 1645/46/85 1644/47/85
f 1644/47/91 1645/46/91 1643/48/91 1642/49/91
f 1642/49/87 1643/48/87 1639/50/87 1638/51/87
f 1640/52/75 1644/47/75 1642/49/75 1638/53/75
f 1645/46/76 1641/54/76 1639/55/76 1643/48/76
f 1646/56/88 1647/57/88 1649/44/88 1648/45/88
f 1648/45/85 1649/44/85 1653/46/85 1652/47/85
f 1652/47/89 1653/46/89 1651/48/89 1650/49/89
f 1650/49/87 1651/48/87 1647/50/87 1646/51/87
f 1648/52/75 1652/47/75 1650/49/75 1646/53/75
f 1653/46/76 1649/54/76 1647/55/76 1651/48/76
f 1654/56/88 1655/57/88 1657/44/88 1656/45/88
f 1656/45/85 1657/44/85 1661/46/85 1660/47/85
f 1660/47/89 1661/46/89 1659/48/89 1658/49/89
f 1658/49/87 1659/48/87 1655/50/87 1654/51/87
f 1656/52/75 1660/47/75 1658/49/75 1654/53/75
f 1661/46/76 1657/54/76 1655/55/76 1659/48/76
f 1662/56/88 1663/57/88 1665/44/88 1664/45/88
f 1664/45/85 1665/44/85 1669/46/85 1668/47/85
f 1668/47/89 1669/46/89 1667/48/89 1666/49/89
f 1666/49/87 1667/48/87 1663/50/87 1662/51/87
f 1664/52/75 1668/47/75 1666/49/75 1662/53/75
f 1669/46/76 1665/54/76 1663/55/76 1667/48/76
f 1670/56/88 1671/57/88 1673/44/88 1672/45/88
f 1672/45/92 1673/44/92 1677/46/92 1676/47/92
f 1676/47/89 1677/46/89 1675/48/89 1674/49/89
f 1674/49/93 1675/48/93 1671/50/93 1670/51/93
f 1672/52/75 1676/47/75 1674/49/75 1670/53/75
f 1677/46/76 1673/54/76 1671/55/76 1675/48/76
f 1678/56/88 1679/57/88 1681/44/88 1680/45/88
f 1680/45/85 1681/44/85 1685/46/85 1684/47/85
f 1684/47/91 1685/46/91 1683/48/91 1682/49/91
f 1682/49/87 1683/48/87 1679/50/87 1678/51/87
f 1680/52/75 1684/47/75 1682/49/75 1678/53/75
f 1685/46/76 1681/54/76 1679/55/76 1683/48/76
f 1686/56/88 1687/57/88 1689/44/88 1688/45/88
f 1688/45/85 1689/44/85 1693/46/85 1692/47/85
f 1692/47/91 1693/46/91 1691/48/91 1690/49/91
f 1690/49/87 1691/48/87 1687/50/87 1686/51/87
f 1688/52/75 1692/47/75 1690/49/75 1686/53/75
f 1693/46/76 1689/54/76 1687/55/76 1691/48/76
f 1694/56/90 1695/57/90 1697/44/90 1696/45/90
f 1696/45/85 1697/44/85 1701/46/85 1700/47/85
f 1700/47/91 1701/46/91 1699/48/91 1698/49/91
f 1698/49/87 1699/48/87 1695/50/87 1694/51/87
f 1696/52/75 1700/47/75 1698/49/75 1694/53/75
f 1701/46/76 1697/54/76 1695/55/76 1699/48/76
f 1702/56/90 1703/57/90 1705/44/90 1704/45/90
f 1704/45/85 1705/44/85 1709/46/85 1708/47/85
f 1708/47/89 1709/46/89 1707/48/89 1706/49/89
f 1706/49/87 1707/48/87 1703/50/87 1702/51/87
f 1704/52/75 1708/47/75 1706/49/75 1702/53/75
f 1709/46/76 1705/54/76 1703/55/76 1707/48/76
f 1710/56/88 1711/57/88 1713/44/88 1712/45/88
f 1712/45/92 1713/44/92 1717/46/92 1716/47/92
f 1716/47/89 1717/46/89 1715/48/89 1714/49/89
f 1714/49/93 1715/48/93 1711/50/93 1710/51/93
f 1712/52/75 1716/47/75 1714/49/75 1710/53/75
f 1717/46/76 1713/54/76 1711/55/76 1715/48/76
f 1718/56/88 1719/57/88 1721/44/88 1720/45/88
f 1720/45/85 1721/44/85 1725/46/85 1724/47/85
f 1724/47/89 1725/46/89 1723/48/89 1722/49/89
f 1722/49/87 1723/48/87 1719/50/87 1718/51/87
f 1720/52/75 1724/47/75 1722/49/75 1718/53/75
f 1725/46/76 1721/54/76 1719/55/76 1723/48/76
f 1726/56/88 1727/57/88 1729/44/88 1728/45/88
f 1728/45/85 1729/44/85 1733/46/85 1732/47/85
f 1732/47/91 1733/46/91 1731/48/91 1730/49/91
f 1730/49/87 1731/48/87 1727/50/87 1726/51/87
f 1728/52/75 1732/47/75 1730/49/75 1726/53/75
f 1733/46/76 1729/54/76 1727/55/76 1731/48/76
f 1734/56/88 1735/57/88 1737/44/88 1736/45/88
f 1736/45/85 1737/44/85 1741/46/85 1740/47/85
f 1740/47/89 1741/46/89 1739/48/89 1738/49/89
f 1738/49/87 1739/48/87 1735/50/87 1734/51/87
f 1736/52/75 1740/47/75 1738/49/75 1734/53/75
f 1741/46/76 1737/54/76 1735/55/76 1739/48/76
f 1742/56/90 1743/57/90 1745/44/90 1744/45/90
f 1744/45/85 1745/44/85 1749/46/85 1748/47/85
f 1748/47/89 1749/46/89 1747/48/89 1746/49/89
f 1746/49/87 1747/48/87 1743/50/87 1742/51/87
f 1744/52/75 1748/47/75 1746/49/75 1742/53/75
f 1749/46/76 1745/54/76 1743/55/76 1747/48/76
f 1750/56/90 1751/57/90 1753/44/90 1752/45/90
f 1752/45/85 1753/44/85 1757/46/85 1756/47/85
f 1756/47/91 1757/46/91 1755/48/91 1754/49/91
f 1754/49/87 1755/48/87 1751/50/87 1750/51/87
f 1752/52/75 1756/47/75 1754/49/75 1750/53/75
f 1757/46/76 1753/54/76 1751/55/76 1755/48/76
f 1758/56/88 1759/57/88 1761/44/88 1760/45/88
f 1760/45/85 1761/44/85 1765/46/85 1764/47/85
f 1764/47/89 1765/46/89 1763/48/89 1762/49/89
f 1762/49/87 1763/48/87 1759/50/87 1758/51/87
f 1760/52/75 1764/47/75 1762/49/75 1758/53/75
f 1765/46/76 1761/54/76 1759/55/76 1763/48/76
f 1766/56/90 1767/57/90 1769/44/90 1768/45/90
f 1768/45/85 1769/44/85 1773/46/85 1772/47/85
f 1772/47/89 1773/46/89 1771/48/89 1770/49/89
f 1770/49/87 1771/48/87 1767/50/87 1766/51/87
f 1768/52/75 1772/47/75 1770/49/75 1766/53/75
f 1773/46/76 1769/54/76 1767/55/76 1771/48/76
f 1774/56/88 1775/57/88 1777/44/88 1776/45/88
f 1776/45/85 1777/44/85 1781/46/85 1780/47/85
f 1780/47/89 1781/46/89 1779/48/89 1778/49/89
f 1778/49/87 1779/48/87 1775/50/87 1774/51/87
f 1776/52/75 1780/47/75 1778/49/75 1774/53/75
f 1781/46/76 1777/54/76 1775/55/76 1779/48/76
f 1782/56/88 1783/57/88 1785/44/88 1784/45/88
f 1784/45/85 1785/44/85 1789/46/85 1788/47/85
f 1788/47/89 1789/46/89 1787/48/89 1786/49/89
f 1786/49/87 1787/48/87 1783/50/87 1782/51/87
f 1784/52/75 1788/47/75 1786/49/75 1782/53/75
f 1789/46/76 1785/54/76 1783/55/76 1787/48/76
f 1790/56/90 1791/57/90 1793/44/90 1792/45/90
f 1792/45/85 1793/44/85 1797/46/85 1796/47/85
f 1796/47/91 1797/46/91 1795/48/91 1794/49/91
f 1794/49/87 1795/48/87 1791/50/87 1790/51/87
f 1792/52/75 1796/47/75 1794/49/75 1790/53/75
f 1797/46/76 1793/54/76 1791/55/76 1795/48/76
f 1798/56/90 1799/57/90 1801/44/90 1800/45/90
f 1800/45/85 1801/44/85 1805/46/85 1804/47/85
f 1804/47/91 1805/46/91 1803/48/91 1802/49/91
f 1802/49/87 1803/48/87 1799/50/87 1798/51/87
f 1800/52/75 1804/47/75 1802/49/75 1798/53/75
f 1805/46/76 1801/54/76 1799/55/76 1803/48/76
f 1806/56/90 1807/57/90 1809/44/90 1808/45/90
f 1808/45/85 1809/44/85 1813/46/85 1812/47/85
f 1812/47/89 1813/46/89 1811/48/89 1810/49/89
f 1810/49/87 1811/48/87 1807/50/87 1806/51/87
f 1808/52/75 1812/47/75 1810/49/75 1806/53/75
f 1813/46/76 1809/54/76 1807/55/76 1811/48/76
f 1814/56/88 1815/57/88 1817/44/88 1816/45/88
f 1816/45/85 1817/44/85 1821/46/85 1820/47/85
f 1820/47/89 1821/46/89 1819/48/89 1818/49/89
f 1818/49/87 1819/48/87 1815/50/87 1814/51/87
f 1816/52/75 1820/47/75 1818/49/75 1814/53/75
f 1821/46/76 1817/54/76 1815/55/76 1819/48/76
f 1822/56/88 1823/57/88 1825/44/88 1824/45/88
f 1824/45/85 1825/44/85 1829/46/85 1828/47/85
f 1828/47/89 1829/46/89 1827/48/89 1826/49/89
f 1826/49/87 1827/48/87 1823/50/87 1822/51/87
f 1824/52/75 1828/47/75 1826/49/75 1822/53/75
f 1829/46/76 1825/54/76 1823/55/76 1827/48/76
f 1830/56/88 1831/57/88 1833/44/88 1832/45/88
f 1832/45/85 1833/44/85 1837/46/85 1836/47/85
f 1836/47/89 1837/46/89 1835/48/89 1834/49/89
f 1834/49/87 1835/48/87 1831/50/87 1830/51/87
f 1832/52/75 1836/47/75 1834/49/75 1830/53/75
f 1837/46/76 1833/54/76 1831/55/76 1835/48/76
f 1838/56/88 1839/57/88 1841/44/88 1840/45/88
f 1840/45/92 1841/44/92 1845/46/92 1844/47/92
f 1844/47/89 1845/46/89 1843/48/89 1842/49/89
f 1842/49/93 1843/48/93 1839/50/93 1838/51/93
f 1840/52/75 1844/47/75 1842/49/75 1838/53/75
f 1845/46/76 1841/54/76 1839/55/76 1843/48/76
f 1846/56/88 1847/57/88 1849/44/88 1848/45/88
f 1848/45/85 1849/44/85 1853/46/85 1852/47/85
f 1852/47/91 1853/46/91 1851/48/91 1850/49/91
f 1850/49/87 1851/48/87 1847/50/87 1846/51/87
f 1848/52/75 1852/47/75 1850/49/75 1846/53/75
f 1853/46/76 1849/54/76 1847/55/76 1851/48/76
f 1854/56/90 1855/57/90 1857/44/90 1856/45/90
f 1856/45/85 1857/44/85 1861/46/85 1860/47/85
f 1860/47/91 1861/46/91 1859/48/91 1858/49/91
f 1858/49/87 1859/48/87 1855/50/87 1854/51/87
f 1856/52/75 1860/47/75 1858/49/75 1854/53/75
f 1861/46/76 1857/54/76 1855/55/76 1859/48/76
f 1862/56/90 1863/57/90 1865/44/90 1864/45/90
f 1864/45/85 1865/44/85 1869/46/85 1868/47/85
f 1868/47/89 1869/46/89 1867/48/89 1866/49/89
f 1866/49/87 1867/48/87 1863/50/87 1862/51/87
f 1864/52/75 1868/47/75 1866/49/75 1862/53/75
f 1869/46/76 1865/54/76 1863/55/76 1867/48/76
f 1870/56/88 1871/57/88 1873/44/88 1872/45/88
f 1872/45/85 1873/44/85 1877/46/85 1876/47/85
f 1876/47/89 1877/46/89 1875/48/89 1874/49/89
f 1874/49/87 1875/48/87 1871/50/87 1870/51/87
f 1872/52/75 1876/47/75 1874/49/75 1870/53/75
f 1877/46/76 1873/54/76 1871/55/76 1875/48/76
f 1878/56/88 1879/57/88 1881/44/88 1880/45/88
f 1880/45/85 1881/44/85 1885/46/85 1884/47/85
f 1884/47/89 1885/46/89 1883/48/89 1882/49/89
f 1882/49/87 1883/48/87 1879/50/87 1878/51/87
f 1880/52/75 1884/47/75 1882/49/75 1878/53/75
f 1885/46/76 1881/54/76 1879/55/76 1883/48/76
f 1886/56/88 1887/57/88 1889/44/88 1888/45/88
f 1888/45/85 1889/44/85 1893/46/85 1892/47/85
f 1892/47/91 1893/46/91 1891/48/91 1890/49/91
f 1890/49/87 1891/48/87 1887/50/87 1886/51/87
f 1888/52/75 1892/47/75 1890/49/75 1886/53/75
f 1893/46/76 1889/54/76 1887/55/76 1891/48/76
f 1894/56/88 1895/57/88 1897/44/88 1896/45/88
f 1896/45/85 1897/44/85 1901/46/85 1900/47/85
f 1900/47/89 1901/46/89 1899/48/89 1898/49/89
f 1898/49/87 1899/48/87 1895/50/87 1894/51/87
f 1896/52/75 1900/47/75 1898/49/75 1894/53/75
f 1901/46/76 1897/54/76 1895/55/76 1899/48/76
f 1902/56/90 1903/57/90 1905/44/90 1904/45/90
f 1904/45/85 1905/44/85 1909/46/85 1908/47/85
f 1908/47/89 1909/46/89 1907/48/89 1906/49/89
f 1906/49/87 1907/48/87 1903/50/87 1902/51/87
f 1904/52/75 1908/47/75 1906/49/75 1902/53/75
f 1909/46/76 1905/54/76 1903/55/76 1907/48/76
f 1910/56/88 1911/57/88 1913/44/88 1912/45/88
f 1912/45/85 1913/44/85 1917/46/85 1916/47/85
f 1916/47/91 1917/46/91 1915/48/91 1914/49/91
f 1914/49/87 1915/48/87 1911/50/87 1910/51/87
f 1912/52/75 1916/47/75 1914/49/75 1910/53/75
f 1917/46/76 1913/54/76 1911/55/76 1915/48/76
f 1918/56/88 1919/57/88 1921/44/88 1920/45/88
f 1920/45/85 1921/44/85 1925/46/85 1924/47/85
f 1924/47/89 1925/46/89 1923/48/89 1922/49/89
f 1922/49/87 1923/48/87 1919/50/87 1918/51/87
f 1920/52/75 1924/47/75 1922/49/75 1918/53/75
f 1925/46/76 1921/54/76 1919/55/76 1923/48/76
f 1926/56/90 1927/57/90 1929/44/90 1928/45/90
f 1928/45/85 1929/44/85 1933/46/85 1932/47/85
f 1932/47/89 1933/46/89 1931/48/89 1930/49/89
f 1930/49/87 1931/48/87 1927/50/87 1926/51/87
f 1928/52/75 1932/47/75 1930/49/75 1926/53/75
f 1933/46/76 1929/54/76 1927/55/76 1931/48/76
f 1934/56/88 1935/57/88 1937/44/88 1936/45/88
f 1936/45/85 1937/44/85 1941/46/85 1940/47/85
f 1940/47/89 1941/46/89 1939/48/89 1938/49/89
f 1938/49/87 1939/48/87 1935/50/87 1934/51/87
f 1936/52/75 1940/47/75 1938/49/75 1934/53/75
f 1941/46/76 1937/54/76 1935/55/76 1939/48/76
f 1942/56/88 1943/57/88 1945/44/88 1944/45/88
f 1944/45/85 1945/44/85 1949/46/85 1948/47/85
f 1948/47/91 1949/46/91 1947/48/91 1946/49/91
f 1946/49/87 1947/48/87 1943/50/87 1942/51/87
f 1944/52/75 1948/47/75 1946/49/75 1942/53/75
f 1949/46/76 1945/54/76 1943/55/76 1947/48/76
f 1950/56/88 1951/57/88 1953/44/88 1952/45/88
f 1952/45/85 1953/44/85 1957/46/85 1956/47/85
f 1956/47/91 1957/46/91 1955/48/91 1954/49/91
f 1954/49/87 1955/48/87 1951/50/87 1950/51/87
f 1952/52/75 1956/47/75 1954/49/75 1950/53/75
f 1957/46/76 1953/54/76 1951/55/76 1955/48/76
f 1958/56/90 1959/57/90 1961/44/90 1960/45/90
f 1960/45/85 1961/44/85 1965/46/85 1964/47/85
f 1964/47/91 1965/46/91 1963/48/91 1962/49/91
f 1962/49/87 1963/48/87 1959/50/87 1958/51/87
f 1960/52/75 1964/47/75 1962/49/75 1958/53/75
f 1965/46/76 1961/54/76 1959/55/76 1963/48/76
f 1966/56/90 1967/57/90 1969/44/90 1968/45/90
f 1968/45/85 1969/44/85 1973/46/85 1972/47/85
f 1972/47/89 1973/46/89 1971/48/89 1970/49/89
f 1970/49/87 1971/48/87 1967/50/87 1966/51/87
f 1968/52/75 1972/47/75 1970/49/75 1966/53/75
f 1973/46/76 1969/54/76 1967/55/76 1971/48/76
f 1974/56/88 1975/57/88 1977/44/88 1976/45/88
f 1976/45/85 1977/44/85 1981/46/85 1980/47/85
f 1980/47/89 1981/46/89 1979/48/89 1978/49/89
f 1978/49/87 1979/48/87 1975/50/87 1974/51/87
f 1976/52/75 1980/47/75 1978/49/75 1974/53/75
f 1981/46/76 1977/54/76 1975/55/76 1979/48/76
f 1982/56/88 1983/57/88 1985/44/88 1984/45/88
f 1984/45/85 1985/44/85 1989/46/85 1988/47/85
f 1988/47/89 1989/46/89 1987/48/89 1986/49/89
f 1986/49/87 1987/48/87 1983/50/87 1982/51/87
f 1984/52/75 1988/47/75 1986/49/75 1982/53/75
f 1989/46/76 1985/54/76 1983/55/76 1987/48/76
f 1990/56/88 1991/57/88 1993/44/88 1992/45/88
f 1992/45/85 1993/44/85 1997/46/85 1996/47/85
f 1996/47/89 1997/46/89 1995/48/89 1994/49/89
f 1994/49/87 1995/48/87 1991/50/87 1990/51/87
f 1992/52/75 1996/47/75 1994/49/75 1990/53/75
f 1997/46/76 1993/54/76 1991/55/76 1995/48/76
